barcode,selection
AAACACCAATAACTGC-1,background
AAACAGAGCGACTCCT-1,background
AAACAGCTTTCAGAAG-1,background
AAACAGGGTCTATATT-1,background
AAACCGGGTAGGTACC-1,background
AAACCGTTCGTCCAGG-1,background
AAACCTCATGAAGTTG-1,background
AAACGAAGAACATACC-1,background
AAACTCGTGATATAAG-1,background
AAACTGCTGGCTCCAA-1,GALT
AAAGACCCAAGTCGCG-1,background
AAAGACTGGGCGCTTT-1,background
AAAGGCTACGGACCAT-1,background
AAAGGCTCTCGCGCCG-1,background
AAAGGGATGTAGCAAG-1,background
AAAGGGCAGCTTGAAT-1,background
AAAGTAGCATTGCTCA-1,background
AAAGTCACTGATGTAA-1,background
AAAGTCGACCCTCAGT-1,background
AAAGTGTGATTTATCT-1,background
AAATAACCATACGGGA-1,background
AAATAAGGTAGTGCCC-1,background
AAATACCTATAAGCAT-1,background
AAATAGCTTAGACTTT-1,background
AAATAGGGTGCTATTG-1,background
AAATCGTGTACCACAA-1,background
AAATCTAGCCCTGCTA-1,background
AAATGATTCGATCAGC-1,background
AAATGCTCGTTACGTT-1,background
AAATGGCATGTCTTGT-1,background
AAATGGCCCGTGCCCT-1,background
AAATGGTCAATGTGCC-1,background
AAATTAACGGGTAGCT-1,background
AAATTACACGACTCTG-1,background
AAATTACCTATCGATG-1,background
AAATTCCAGGTCCAAA-1,background
AAATTGATAGTCCTTT-1,background
AAATTTGCGGGTGTGG-1,background
AACAACTGGTAGTTGC-1,background
AACAATACATTGTCGA-1,background
AACAATTACTCTACGC-1,background
AACACACGCTCGCCGC-1,background
AACACGACTGTACTGA-1,background
AACACGCGGCCGCGAA-1,background
AACAGCTGTGTGGCAA-1,background
AACAGGAAATCGAATA-1,background
AACAGGATGGGCCGCG-1,background
AACAGGTAGTATGGAT-1,background
AACATATCAACTGGTG-1,background
AACATTGTGACTCGAG-1,background
AACCAAGACTTCTCTG-1,background
AACCATGGGATCGCTA-1,background
AACCCAGAGACGGAGA-1,background
AACCCTGGTGGAACCA-1,background
AACCGAGCTTGGTCAT-1,background
AACCGCTAAGGGATGC-1,background
AACCGTTGTGTTTGCT-1,background
AACCTCGCTTTAGCCC-1,background
AACCTTTAAATACGGT-1,GALT
AACCTTTACGACGTCT-1,background
AACGATAATGCCGTAG-1,GALT
AACGATAGAAGGGCCG-1,background
AACGATATGTCAACTG-1,background
AACGCGGTCTCCAGCC-1,background
AACGCTGTTGCTGAAA-1,background
AACGGACGTACGTATA-1,background
AACGGCCATCTCCGGT-1,background
AACGTACTGTGGGTAC-1,background
AACGTCAGACTAGTGG-1,GALT
AACGTGATGAAGGACA-1,background
AACGTGCGAAAGTCTC-1,background
AACGTTATCAGCACCT-1,background
AACTACCCGTTTGTCA-1,background
AACTAGGCTTGGGTGT-1,GALT
AACTCCTAATCCCATG-1,background
AACTCGATGGCGCAGT-1,background
AACTCTCAGTGTGCTC-1,background
AACTGATATTAGGCCT-1,background
AACTGGGTCCCGACGT-1,background
AACTGGTGTGGGCCTT-1,background
AACTTCTGCGTCTATC-1,background
AACTTGCCCGTATGCA-1,background
AACTTGCGTTCTCGCG-1,background
AACTTTACGGGAGCTT-1,background
AACTTTAGCTGCTGAG-1,background
AAGAAGGATCAGTTAG-1,background
AAGACCCAACTGAACA-1,background
AAGACTGCAAGCTACT-1,background
AAGAGATGAATCGGTA-1,background
AAGAGCTCTTTATCGG-1,background
AAGAGGATGTACGCGA-1,background
AAGAGGCATGGATCGC-1,background
AAGATGGCACCGGACC-1,background
AAGCACCCTGCGTATC-1,background
AAGCATACTCTCCTGA-1,GALT
AAGCCGCCGTGAAATC-1,background
AAGCGTCCCTCATCGA-1,background
AAGCTAGATCGAGTAA-1,GALT
AAGCTCGTGCCAAGTC-1,background
AAGCTCTTTCATGGTG-1,background
AAGGAGCGGTTGGTGC-1,background
AAGGATGAGGGACCTC-1,background
AAGGCGCGTAAAGCTT-1,GALT
AAGGCTGTGCTCATCG-1,background
AAGGGAACGACTGGCT-1,background
AAGGGACAGATTCTGT-1,background
AAGGGACTATGCATTC-1,background
AAGGTATCCTAATATA-1,background
AAGGTGATAAACCAGC-1,background
AAGTAGAAGACCGGGT-1,background
AAGTAGTGACGCGAGG-1,background
AAGTCAATTGTCGTCA-1,background
AAGTGAGTCGGGTTTA-1,background
AAGTGCAAAGGTAGAC-1,background
AAGTGCCTTGACTGTA-1,background
AAGTGCGTTAGAATCT-1,background
AAGTTCACTCCAAGCT-1,background
AAGTTCAGTCTGCGTA-1,background
AAGTTCGGCCAACAGG-1,background
AAGTTTACTAATGGCA-1,background
AATAACAACGCTCGGC-1,background
AATAACACTAGAACAA-1,background
AATACAATGTTTCAGG-1,background
AATAGAACAGAGTGGC-1,background
AATAGAATCTGTTTCA-1,background
AATAGTCCGTCCCGAC-1,GALT
AATATCAAGGTCGGAT-1,background
AATATCGAATCAATGC-1,background
AATATCGAGGGTTCTC-1,background
AATATTGGAGTATTGA-1,background
AATCATGTAAAGACTC-1,background
AATCCAAGGGCCTGAG-1,background
AATCCATGCAAGGGTG-1,background
AATCGCCTCAGCGCCA-1,background
AATCGGGACACTACGA-1,background
AATCTAGGTTTACTTG-1,background
AATCTATGCCGGAGCC-1,background
AATCTCTACTGTGGTT-1,background
AATCTGGCTTTCTAGT-1,background
AATGACAGCAATGTCT-1,background
AATGACGTAGGATGTC-1,background
AATGACTGTCAGCCGG-1,background
AATGAGTTCGCATATG-1,background
AATGATGATACGCTAT-1,background
AATGATGCGACTCCTG-1,background
AATGCAACCGGGTACC-1,background
AATGCACCAAGCAATG-1,background
AATGGTCCACCGTTCA-1,background
AATGGTTCTCACAAGC-1,background
AATGTGCCCGAGGTGT-1,background
AATTAAAGGTCGGCGT-1,background
AATTAACGGATTTCCA-1,background
AATTAGCGCTGCAGCG-1,GALT
AATTCATAAGGGATCT-1,background
AATTCTAGAGTTAGGC-1,background
AATTGAACGCTCTGGT-1,GALT
AATTTGGTTCCAAAGA-1,background
ACAAATCGCACCGAAT-1,background
ACAAATGGTAGTGTTT-1,background
ACAACAGCATGAGCTA-1,background
ACAACGGTCCCTGCGA-1,background
ACAAGCAGTGCCTAGC-1,background
ACAAGGAAATCCGCCC-1,GALT
ACAAGGACAAGAGGTT-1,background
ACAAGGGCAGGCTCTG-1,background
ACAATAGTCGTACGTT-1,background
ACAATGAATACGGAGA-1,background
ACAATTGTGTCTCTTT-1,background
ACAATTTAGGAGGCTC-1,background
ACAATTTGAGCAGTGG-1,background
ACACAAAGACGGGTGG-1,background
ACACACCAGGACCAGT-1,background
ACACACTTTCTACACG-1,background
ACACCCAGCATGCAGC-1,background
ACACCCGAGAAATCCG-1,background
ACACCTTAAGTAGGGC-1,background
ACACGAGACTCCTTCT-1,background
ACACGGCACTATGCAT-1,background
ACACGGGAACTTAGGG-1,background
ACACTCCAATGTCACT-1,background
ACAGAACTGAGAACAA-1,background
ACAGATTAGGTTAGTG-1,background
ACAGCATAGAGCCAGT-1,background
ACAGCGACATTCTCAT-1,background
ACAGCGCACCCGCAGC-1,background
ACAGGCTTGCCCGACT-1,background
ACAGGTGGAGGTGAGG-1,background
ACAGTAATACAACTTG-1,background
ACATAATAAGGCGGTG-1,background
ACATCAGCTGGGACGC-1,background
ACATCCCGGCCATACG-1,background
ACATCGATCGTTTACC-1,background
ACATCGGTCAGCCGCG-1,background
ACATCGTATGCAATGG-1,background
ACATCGTTAACCTAGT-1,background
ACATGGCGCCAAAGTA-1,background
ACATTAGTTTATATCC-1,GALT
ACCAACACCACACACT-1,background
ACCAACGCTTATTTAT-1,background
ACCAAGAACGCGTGTC-1,background
ACCAATATGCAAGTTA-1,background
ACCACAACTCAGAACA-1,background
ACCACAAGTTTCTATC-1,background
ACCACGTGCAGCTATA-1,background
ACCAGTGCGGGAGACG-1,background
ACCATATCCGCAATAA-1,background
ACCATCCGCCAACTAG-1,background
ACCCAACGCCCGTGGC-1,background
ACCCACCTACATGCTC-1,background
ACCCATCTTGAGGGTA-1,background
ACCCATTTGTCCCTCT-1,background
ACCCGAGCGAAATTAC-1,background
ACCCGGAAACTCCCAG-1,background
ACCCGGATGACGCATC-1,background
ACCCGGTTACACTTCC-1,background
ACCCGTGTCATCAGTA-1,GALT
ACCCTATAGGACTGAG-1,background
ACCCTATGCCATATCG-1,background
ACCCTCCCTTGCTATT-1,background
ACCCTTCATCTGCGAA-1,background
ACCCTTTAGTTCTCCA-1,background
ACCGAAAGGGCCCTGC-1,background
ACCGACACATCTCCCA-1,background
ACCGACTGAGTCCCAC-1,background
ACCGATGGTAGCATCG-1,background
ACCGCGGTGGAAGTCG-1,background
ACCGGGCCTTTGTTGA-1,background
ACCGTGACCACGTGGG-1,background
ACCTAAGTACCTTTCA-1,background
ACCTAATCGACTTCCT-1,background
ACCTCCGCCCTCGCTG-1,background
ACCTGCGTGTCATGTT-1,background
ACGAAATGGGCGGCAC-1,background
ACGACTGGTCATACTC-1,background
ACGAGAACCCATCACG-1,background
ACGAGGATACCACTCT-1,background
ACGAGTACGGATGCCC-1,background
ACGATACATAGAACTA-1,background
ACGCAAACTAATAGAT-1,background
ACGCAATCACTACAGC-1,background
ACGCATACGTTTACTA-1,background
ACGCATTCGTGAGTAC-1,background
ACGCCGCTAGACGACC-1,background
ACGCGAAGTCAGACGA-1,background
ACGCTAGTGATACACT-1,background
ACGGAATTTAGCAAAT-1,background
ACGGACTCTCAAAGCG-1,background
ACGGAGCGCAAATTAC-1,background
ACGGATGGTGCGGATA-1,background
ACGGCACTTGCTTGGG-1,GALT
ACGGCCAACATGGACT-1,background
ACGGCGACGATGGGAA-1,GALT
ACGGGAGTGTCGGCCC-1,background
ACGTACAGATTTCTCT-1,background
ACGTATTACTCCGATC-1,background
ACGTGCGCCTCGTGCA-1,background
ACGTTAATGTCGAAGA-1,background
ACGTTAGATTTGCCCG-1,background
ACGTTATTGGTCACTC-1,background
ACGTTCCGCGCTCCGT-1,background
ACGTTCGCAATCAATT-1,background
ACGTTCGTTCAGGAAA-1,background
ACGTTTAGTTGTGATC-1,background
ACTACCAGCTCTCTGG-1,background
ACTACGCGTTAGAATT-1,background
ACTAGTTGCGATCGTC-1,background
ACTATCCAGGGCATGG-1,background
ACTATGTCCAGCTGCC-1,background
ACTATTCGTCCGTGGT-1,background
ACTATTTCCGGGCCCA-1,background
ACTCAACGAATGTATT-1,background
ACTCAAGTGCAAGGCT-1,background
ACTCAATAAAGGCACG-1,background
ACTCCAATATCATCAT-1,background
ACTCCCATTCCTAAAG-1,background
ACTCCCGAATTCGTTT-1,background
ACTCCCTAATGCTAAA-1,background
ACTCCCTAGAATAGTA-1,background
ACTCGTAACCCGTCCT-1,background
ACTCGTCAGTAATCCC-1,background
ACTCTCTGACTTAGGT-1,background
ACTCTCTTATACACGA-1,background
ACTCTTGTATAGTAAC-1,background
ACTGAAACGCCGTTAG-1,background
ACTGCCGTCGTAACTC-1,background
ACTGTAGCACTTTGGA-1,background
ACTGTATACGCGAGCA-1,background
ACTGTCCAGGATTATA-1,background
ACTGTCTTCTTTAGAA-1,background
ACTGTGCTAGTAGATC-1,background
ACTTACCGGGCGCGCA-1,background
ACTTACGCATCCACGC-1,background
ACTTAGTACGACAAGA-1,background
ACTTATACTTACCCGG-1,background
ACTTATTAGGATCGGT-1,background
ACTTATTTATGTGCCA-1,background
ACTTCCATGCGGGACA-1,background
ACTTCGCCATACGCAC-1,background
ACTTGACTCCCTCTTT-1,background
ACTTGGGACCCGGTGG-1,background
ACTTGTAGTCCCTTCA-1,background
ACTTGTGGATGGAACG-1,background
ACTTTACCCTCATGAA-1,background
ACTTTCCTATAGCTTC-1,background
AGAACGTGGTACATTC-1,background
AGAAGAGCGCCGTTCC-1,background
AGAAGGTACACTTCAC-1,background
AGAAGGTTGCCGAATT-1,background
AGAAGTGATTCGTGAT-1,background
AGAATAAATCTTCAGG-1,background
AGAATTATGGATTCGA-1,background
AGAATTGTTTGACATA-1,background
AGACAGCTCAGAATCC-1,background
AGACATAGATCCTTCC-1,background
AGACCATGGGATACAA-1,background
AGACCCACCGCTGATC-1,background
AGACCCGCCCTCCTCG-1,background
AGACCGCTCCGCGGTT-1,background
AGACGAAGTGCCGGTC-1,background
AGACGACGATGCCGCT-1,background
AGACTAGCCTTCCAGA-1,background
AGACTGTTACCGGGTC-1,background
AGAGAACCGTCTAGGA-1,background
AGAGAAGGAGTACAAT-1,background
AGAGCAGTTATGAGAC-1,background
AGAGCGGGCTAATCAT-1,background
AGAGCGTACAAGCTCG-1,background
AGAGTAAACTTCACTA-1,background
AGATAACTTCAGGGCC-1,background
AGATACCGGTGTTCAC-1,background
AGATACGACTTCATAT-1,background
AGATACTCAAGATCGA-1,background
AGATATAATACGACTA-1,background
AGATCGTGCATAAGAT-1,background
AGATCTCAGGTGTGAT-1,background
AGATGACTCGCCCACG-1,background
AGATGAGGGTTGCGAT-1,background
AGATGATGGAGTCTGG-1,background
AGATGCAAGACGTGCA-1,background
AGATTATAGGACGTTT-1,background
AGATTCACAACCGATA-1,background
AGCAAAGGCCGCTAGT-1,background
AGCAACCGAAAGTAAT-1,background
AGCACCAGTACTCACG-1,background
AGCACTACCGGCCTGT-1,background
AGCACTTAAGGACGCC-1,background
AGCAGAAGGAGAAAGA-1,background
AGCAGCCAGATGAATA-1,GALT
AGCATATCAATATGCT-1,background
AGCATCATTTCGAAAG-1,background
AGCATCGTCGATAATT-1,background
AGCCAAGCTTTGTGTC-1,background
AGCCACTCCCGTGCTT-1,GALT
AGCCCGGTAGCCTGTA-1,background
AGCCCTAAGCGAAGTT-1,background
AGCCCTTCTAATCCGA-1,background
AGCCGTGGCTAAATGT-1,background
AGCCTAATACCCACGT-1,background
AGCCTTAAAGCGGAAG-1,background
AGCGACAGGAACGGTC-1,background
AGCGACATCCCATTCA-1,background
AGCGACCAACGATATT-1,background
AGCGCATAATGAATCG-1,background
AGCGCGGGTGCCAATG-1,background
AGCGGACACTTCGTAG-1,background
AGCGGCGGTTAGCGGT-1,background
AGCGGGAAGGGTCCAT-1,background
AGCGTCTGAACCCGCA-1,background
AGCGTGGTATTCTACT-1,background
AGCTAACAAGCAATGT-1,background
AGCTAGAAGCAGAAGT-1,background
AGCTATTTAATCCAAC-1,background
AGCTCCTTCGCACATC-1,background
AGCTCTAGACGTTCCA-1,background
AGCTCTTCCCAGTGCA-1,background
AGCTCTTCGTAACCTT-1,background
AGCTCTTTACTCAGTT-1,background
AGCTGAAGTAAACCAA-1,background
AGCTGTAACCTCAATC-1,background
AGCTTATAGAGACCTG-1,background
AGCTTGATCTTAACTT-1,background
AGGAAGCTGTCCGCCG-1,background
AGGACAGTCGAATCCC-1,background
AGGACATCGCACGTCG-1,background
AGGACGACCCATTAGA-1,background
AGGACGCTCGATGTTG-1,background
AGGAGGCCTTCGCGCG-1,background
AGGATAAAGTCGGGAT-1,GALT
AGGATATAGGGATTTA-1,background
AGGATCACGCGATCTG-1,background
AGGCAGATGCGTAAAC-1,background
AGGCAGGGAGCGTACT-1,background
AGGCATTGTCGTAGGG-1,background
AGGCCACCCGTTATGA-1,background
AGGCCCATTGTACAGG-1,background
AGGCCCTAGAACGCCA-1,background
AGGCGGTTTGTCCCGC-1,background
AGGCTTCCCGAAGAAG-1,background
AGGCTTGCTAGACACC-1,background
AGGGACCGGCTGCGTT-1,background
AGGGACTCTACGCGAC-1,background
AGGGAGACATACTTCG-1,background
AGGGCAGCGGCGTGGT-1,background
AGGGCGTGATCGGCTA-1,background
AGGGTCGATGCGAACT-1,background
AGGGTGCCGTTCTTTA-1,background
AGGGTGCTCTCGAGGG-1,background
AGGGTGGATAGTGCAT-1,background
AGGGTTCCCTTTGGTT-1,background
AGGTAACCTCCTATTC-1,background
AGGTACGATATTGCCA-1,background
AGGTAGATCGAGATAT-1,background
AGGTAGGTACAAAGCT-1,background
AGGTATAATTGATAGT-1,background
AGGTCGCGGAGTTACT-1,background
AGGTGGTGACCTTCGC-1,background
AGGTGTATCGCCATGA-1,background
AGGTTACACCATGCCG-1,background
AGGTTGAGGCACGCTT-1,background
AGGTTTCACACACCTT-1,background
AGTAATGTCTTGCCGC-1,background
AGTACATCATTTATCA-1,background
AGTACGGCCCGTATCG-1,background
AGTACGGGCACCTGGC-1,background
AGTACTCTTATGCCCA-1,background
AGTAGGAAGGAAGTTG-1,background
AGTAGGTAACATACAT-1,background
AGTATAATACTAGGCA-1,background
AGTATACACAGCGACA-1,background
AGTATGCTGGAGACCA-1,background
AGTATTTGGCACGACC-1,background
AGTCAACACCACCATC-1,background
AGTCAAGATGACACTT-1,background
AGTCACTAGCTCTCGA-1,background
AGTCAGCCACCGCCTG-1,background
AGTCCATTGGCTGATG-1,background
AGTCCCGCCTTTAATT-1,background
AGTCGACGGTCTCAAG-1,background
AGTCGGCCCAAACGAC-1,background
AGTCGGCTCAACTTTA-1,background
AGTCGTCGACCACCAA-1,background
AGTCGTGGGCATTACG-1,background
AGTCTAAAGTATACTC-1,background
AGTCTCACAAGACTAC-1,background
AGTCTGGACATCCTTG-1,background
AGTCTTCTCCTCAAAT-1,background
AGTGAACAAACTTCTC-1,background
AGTGACCTACTTTACG-1,background
AGTGAGCCTCGCCGCC-1,background
AGTGAGGGTTTCTGAC-1,background
AGTGATAACCTGCGCG-1,background
AGTGATATGAGTAGTT-1,background
AGTGCACGCTTAAGAA-1,background
AGTGCGTAGCTCGTAA-1,background
AGTGCTTGCACGAATA-1,background
AGTGGCGGCAATTTGA-1,background
AGTGGTGTTACCCGTG-1,background
AGTGGTTGCGTATAGG-1,background
AGTGTATTGCGCATTG-1,background
AGTGTGGTCTATTGTG-1,background
AGTTAAACACTTGCGA-1,background
AGTTAAGCGGTCCCGG-1,background
AGTTAAGTCAACCGCT-1,background
AGTTACCGCACATGGT-1,background
AGTTACTCTATCGTGG-1,background
AGTTCCTACAGAATTA-1,background
AGTTCCTATTTATGTT-1,background
AGTTCTGCGTTGTATC-1,background
AGTTGACATCGGCTGG-1,background
AGTTGACGGTCCTTGC-1,background
AGTTGCTGACTGATAT-1,background
AGTTTCGCAGGTCGGA-1,background
AGTTTGCACCTGCCTC-1,background
AGTTTGGCCAGACCTA-1,background
ATAAACGGACCCGTAA-1,background
ATAAACGTTGCACCAC-1,background
ATAAAGGCTCGGTCGT-1,background
ATAAATATTAGCAGCT-1,background
ATAACGCCGGAGGGTC-1,background
ATAACGGAGTCCAACG-1,background
ATAAGGTGGAGAACAT-1,GALT
ATAAGTAGGATTCAGA-1,background
ATAAGTAGGGCGACTC-1,background
ATAAGTTACCGCGACG-1,background
ATAATACCGTTAGCCG-1,background
ATAATAGCTGTTGAAT-1,background
ATAATAGTGTAGGGAC-1,background
ATAATCTTGGAGAACC-1,GALT
ATAATTAGCTAAGTAG-1,GALT
ATACAGGCCCTCCAAT-1,GALT
ATACCACGGGCAACTT-1,background
ATACCAGGCTAATAGA-1,background
ATACCTAACCAAGAAA-1,background
ATACGCCGGCGAAACC-1,background
ATACGGAACGTCGTTT-1,background
ATACGGGTTTCGATTG-1,background
ATACGGTGAAGATGCA-1,background
ATACGTCCACTCCTGT-1,background
ATACGTTATGCACGGA-1,background
ATACTACCCGTACCAC-1,background
ATACTAGCATGACCCT-1,background
ATACTCTCGCCACTCT-1,background
ATACTGCCTTACACCG-1,background
ATACTTGTTCTCGAGC-1,background
ATAGACGAAGAGAAAG-1,background
ATAGAGTACTGGGACA-1,background
ATAGAGTTATCAACTT-1,background
ATAGCCTCAGTACCCA-1,background
ATAGGCTAGCTTCGCA-1,background
ATAGGGATATCCTTGA-1,background
ATAGGTTGGGCAGATG-1,background
ATAGTCTTTGACGTGC-1,background
ATAGTGAAGCGTTCTC-1,background
ATAGTTCCACCCACTC-1,background
ATATAAAGCGCTCGTG-1,background
ATATAAATGTAGCTGC-1,GALT
ATATCAACCTACAGAG-1,background
ATATCGTTCCTCGAAC-1,background
ATATCTCCCTCGTTAA-1,background
ATATGTCTCCCTAGCC-1,background
ATATTCAGTTAAACCT-1,background
ATATTCCACATAGTGA-1,GALT
ATATTCCCACAGGTCA-1,background
ATATTGCTGTCAAAGT-1,background
ATATTTAACCCTCAAG-1,background
ATCAAACGAAGGTTTG-1,background
ATCAATGCCGTGGCTG-1,background
ATCACATTAGAATATC-1,background
ATCACGTGCTAATTAA-1,background
ATCACTTCATCCTCGC-1,background
ATCAGCCTCATGCTGC-1,background
ATCAGCTCGTCCACTA-1,background
ATCAGTAGGCAGGGAT-1,background
ATCATCCAATATTTGT-1,background
ATCCAACGCAGTCATA-1,background
ATCCAATGGAGGGTCC-1,background
ATCCAATGGTACCGAA-1,background
ATCCACATCGACAGAA-1,background
ATCCAGAGCAACAACC-1,background
ATCCAGGATTCGTGAA-1,background
ATCCTACCTAAGCTCT-1,background
ATCCTGCGTGGAATGG-1,background
ATCCTGCTGCAGATAG-1,background
ATCGACCCAATACAGA-1,background
ATCGACTCTTTCCGTT-1,background
ATCGCACGCCGGGAGA-1,background
ATCGCCAGTCAACATT-1,background
ATCGCTGCGTGCAGCA-1,background
ATCGGAGACAGACGGC-1,GALT
ATCGGCAAGCAGTCCA-1,background
ATCGGTTACCTAGTAA-1,background
ATCGTGGAAAGTCTGG-1,background
ATCGTTAGCTAGCGGA-1,background
ATCGTTCACTTTCGCC-1,background
ATCTAATATCCTACGG-1,GALT
ATCTCCCTGCAATCTA-1,background
ATCTGACATGGAAGGA-1,background
ATCTGATAGTGTCTTA-1,background
ATCTGGGCTGTTCTTG-1,background
ATCTGGTTAAGACTGT-1,background
ATCTGTAATTGTACCC-1,background
ATCTTGACCTGCAACG-1,background
ATCTTGACTTGTCCAA-1,background
ATGAAGCCAAGGAGCC-1,background
ATGACGCCGGCTCTAA-1,background
ATGACGCGTTCTATCC-1,background
ATGACTATCAGCTGTG-1,background
ATGACTATGCGACATT-1,background
ATGAGGAGTGTTAATC-1,background
ATGATCGGGAATAGAC-1,background
ATGATGCAATGGTACA-1,background
ATGCACTACCGCATTG-1,background
ATGCCAATCGCTCTGC-1,background
ATGCCATTTGCGACCA-1,background
ATGCCGGTCTTGCATA-1,background
ATGCCGGTTGATGGGA-1,background
ATGCGACAGTCCCATT-1,background
ATGCGAGTCCCACCAC-1,background
ATGCTCAGTGTTGCAT-1,background
ATGCTCTGGCGCGGTA-1,background
ATGGAGCAGGCCGTGA-1,background
ATGGATTGACCAAACG-1,background
ATGGCAGCCGAGAAAC-1,background
ATGGCTGGAAATGGCC-1,background
ATGGGACCTGCTGAAC-1,background
ATGGGCCTCGGCCTCT-1,background
ATGGGTGTATACCTCC-1,background
ATGTAAGGCTGCTCTT-1,background
ATGTGAAAGCCTAATG-1,background
ATGTGCATCCGACGCA-1,background
ATGTGGACATCTTGAT-1,background
ATGTGTAGTTTAGTCA-1,background
ATGTTACGAGCAATAC-1,background
ATGTTCGTCGACCCAC-1,background
ATGTTGTAGTCTGTTT-1,background
ATTAAACATGCGGACC-1,background
ATTAATACTACGCGGG-1,background
ATTAATGAACCAGTCG-1,background
ATTAATTCGGTCACTC-1,background
ATTACAACTACCGGCC-1,background
ATTACATGTCAGTCTT-1,background
ATTACGCGCTGGCAGG-1,background
ATTACTAGCCTCTTGC-1,background
ATTACTTACTGGGCAT-1,background
ATTAGATTCCTCAGCA-1,background
ATTAGATTGATAGCGG-1,background
ATTAGGCGATGCTTTC-1,background
ATTATACTTTGCTCGT-1,background
ATTATAGCTACTTTAC-1,background
ATTATCTCGACAGATC-1,GALT
ATTATGCCATAGGGAG-1,background
ATTATTATGTCCGTCA-1,background
ATTCAACCATTTAAGG-1,background
ATTCACTGATGTTGGA-1,GALT
ATTCAGGACCTATTTC-1,background
ATTCAGTAGCAGGGTC-1,background
ATTCATATACTGTCCA-1,background
ATTCCCACATAAACAA-1,background
ATTCCTCCGCCAGTGC-1,GALT
ATTCCTTCCAGGCGGT-1,background
ATTCGTGCTATCTCTT-1,background
ATTCTCGTCTCTTTAG-1,background
ATTCTTCGTACTTATG-1,background
ATTGAAGATCTTAGTG-1,GALT
ATTGATAGCAACGAGA-1,background
ATTGATGAGTCCTAAC-1,background
ATTGCGATCAGTAACT-1,background
ATTGGATTACAGCGTA-1,background
ATTGGGAATATCTTGG-1,background
ATTGTCGCAATACCTT-1,background
ATTTAACTCGTATTAC-1,background
ATTTACAGTTTACTGG-1,background
ATTTACTAAGTCCATT-1,background
ATTTCATTATTTCGCG-1,background
ATTTCCGGGTTCTGCG-1,background
ATTTGCGCGAGTAGCT-1,background
ATTTGTCTTGGGAGCT-1,background
ATTTGTTCCAGGGCTC-1,background
CAAACGGTCGCACTTT-1,background
CAAACTACGATAGAGA-1,background
CAAACTATTGAGCTTC-1,background
CAAACTCGCGACGCCG-1,background
CAAAGATTATTGGGCC-1,background
CAAATCTCTCACAAGG-1,background
CAAATGTCCTTCCGTG-1,background
CAAATTGTCAGCAAGC-1,background
CAACGACCCGTTTACA-1,background
CAACGGTTCTTGATAC-1,background
CAACTATATCGAATGC-1,background
CAACTCCTTGATCCCG-1,background
CAACTGCTCATCCGAT-1,background
CAACTTGTAGTGGGCA-1,background
CAAGAGGGCGGAGTAC-1,GALT
CAAGATATTATAACGT-1,background
CAAGCAACGTCGGAGT-1,background
CAAGCACCAAATGCCT-1,background
CAAGCGGCACATAATT-1,GALT
CAAGGATCGCATGTTC-1,background
CAAGGTCCTATAGGCT-1,background
CAAGTGAACTTTGGTT-1,background
CAATACGCTCTGAGGC-1,background
CAATATTCTTGACCTA-1,background
CAATCCCTATACCAGC-1,background
CAATCCTGCCGTGGAG-1,background
CAATGCGAGAAGTATC-1,background
CAATGGAATCTACATA-1,background
CAATGGATCTCTACCA-1,background
CAATGGTCGGCCTGGG-1,background
CAATGTGCCAACCCTT-1,background
CAATTAAGGGTGATGA-1,background
CAATTTCGTATAAGGG-1,background
CACAATGAGCTGCTAT-1,background
CACACACGCTAACGAG-1,background
CACACAGGGATAGATT-1,background
CACACGCGCTGTCTTA-1,background
CACAGAGACGAGGACG-1,background
CACAGCACCCACGGCA-1,background
CACAGCTAGGGAGTGA-1,background
CACAGGGCCATATAGT-1,background
CACAGGGCCGTTGTCA-1,background
CACATATTAGCAGGAT-1,GALT
CACATCGTGCACGCGC-1,background
CACATCTCACCGACGA-1,background
CACATGTTTGGACATG-1,background
CACATTCTTTCGATGG-1,background
CACCACGCCACACAGA-1,background
CACCAGTCAGCATGCA-1,background
CACCATCGGAGGAGAC-1,background
CACCCAAATCTTATGT-1,background
CACCCACACGTCACCC-1,background
CACCCACGAGGCAATT-1,background
CACCCGGTTTGTGACT-1,background
CACCCTAACAAGATCT-1,background
CACCCTTGGTGAGACC-1,background
CACCCTTTCCTCGCTC-1,background
CACCGATACACCGAGC-1,background
CACCGCCAGAAGGTTT-1,background
CACCGCCGACCAGCGA-1,background
CACCGCGTCCACTCTA-1,background
CACCGTATCCCATCCG-1,background
CACCGTTAGGGATCAC-1,background
CACCGTTGCGCGATAT-1,background
CACCTAATAGAGTCGT-1,background
CACCTAATCAGTTTAC-1,background
CACCTCGATGGTGGAC-1,background
CACCTTGCGAAACTCG-1,background
CACCTTGGCGCCTTTG-1,background
CACGAAAGTTAGTCCC-1,background
CACGCACAGCGCAGCT-1,background
CACGCAGCGAGGCTTT-1,background
CACGCGGAACTGTTGC-1,background
CACGGCGCGCCAAAGG-1,background
CACGGGATTGAGGGTT-1,background
CACGTCGGCAACCTCT-1,background
CACGTTCGTGCTCTAG-1,background
CACGTTTCGTACACAC-1,background
CACTAAAGTTGCCTAT-1,background
CACTCAAGAGCTATGG-1,background
CACTCCTATGTAAGAT-1,background
CACTCCTCTCGGTCGG-1,background
CACTCGAGCTGAACAA-1,background
CACTCTTCTGCTAGCC-1,background
CACTGACGATTGTGGA-1,background
CACTGTCCAAGTGAGA-1,background
CACTTAATCAGACGGA-1,background
CACTTCGCCACAGGCT-1,background
CACTTCGTCTTATCTC-1,background
CAGAACTTAGCCCTCT-1,background
CAGACACCGATCGCTG-1,background
CAGACCTGTAAGTGTT-1,background
CAGACGAACCTGATAC-1,background
CAGAGACGGTCACCCA-1,background
CAGAGCATGAGCTTGC-1,background
CAGAGGCGATGCATGA-1,background
CAGATACTAACATAGT-1,background
CAGATCATTTAAAGTC-1,background
CAGATCCTGGTTTGAA-1,background
CAGCAGTCTGTGCTGC-1,background
CAGCCGGGCCCTCTAT-1,background
CAGCCTCCTGCAGAGG-1,background
CAGCCTCTCCTCAAGA-1,background
CAGCGATTCCCTTCAA-1,background
CAGCTCACTGAGACAT-1,background
CAGCTCGACAAGTTAA-1,background
CAGCTCGTGCTTGTGT-1,background
CAGGAAGACTTTATAT-1,background
CAGGATATATCGTTGT-1,background
CAGGCGCACGGTGGTC-1,background
CAGGCGCCATGCTAGG-1,GALT
CAGTAATCCCTCCCAG-1,background
CAGTACCAGTTTACGT-1,background
CAGTAGCCCACGCGGT-1,background
CAGTCGAGGATGCAAT-1,background
CAGTCTGTATACTGGG-1,background
CAGTGAATAAATGACT-1,background
CAGTGGTTGCACATGA-1,background
CAGTGTCCGCAGAATG-1,background
CAGTGTCGGCTGGCCC-1,background
CAGTTCAAATTGACAC-1,background
CAGTTCCGCGGGTCGA-1,background
CATAAGAAGCTTGGCT-1,background
CATAAGCTCTCCGTCT-1,background
CATAATGAGCGGGCGA-1,background
CATACAAAGCCGAACC-1,background
CATACACGGTTCCCAC-1,background
CATACCCGTACCCAGT-1,background
CATACGAACTAGCTGG-1,background
CATACGGCGTCTGGGC-1,background
CATACTTAGGCAATAC-1,background
CATAGCCGCCCGGGAT-1,background
CATAGCGTTGCCCACC-1,background
CATAGTACATTGAGAG-1,background
CATAGTAGCATAGTAG-1,background
CATAGTCCACAAGAAC-1,background
CATATAGGTACAGTCA-1,background
CATATGTCAGGCTACG-1,background
CATATTATTTGCCCTA-1,background
CATCATTACCCTGAGG-1,background
CATCCGCAGGCCCGAA-1,background
CATCCTCTCAAAGATC-1,background
CATCGCCCGCGGCCAA-1,background
CATCGGACGGGTTAAT-1,background
CATCGTCCGGTTACTA-1,background
CATCTATCCCGTGTCT-1,background
CATCTGCAGGATCATT-1,background
CATCTTACACCACCTC-1,background
CATGAACCGACATTTG-1,background
CATGAGATGCACTCTC-1,GALT
CATGATGCACAATTCT-1,background
CATGATGGAAGTTAGC-1,background
CATGCATGGAGACCCT-1,background
CATGCCAACTCGCAAA-1,background
CATGCGACCAGTTTAA-1,background
CATGCGTTAGACAGAA-1,background
CATGCTGGCTCCAATT-1,background
CATGGATTGTCTTCCG-1,background
CATGGCAGGAAGATCG-1,background
CATGGGTATGCCTTAT-1,background
CATGGGTCGGGTGTGG-1,background
CATGGTAAGTAGCGTT-1,background
CATGGTCTAGATACCG-1,background
CATGTAAGAGACATTT-1,background
CATGTCTCATTTATGG-1,background
CATTACGTCGGCCCGT-1,background
CATTCCCTAAGTACAA-1,background
CATTGCGAAATGGGCG-1,background
CATTGTGTGCTAGATC-1,background
CATTTAGCGGACCATG-1,background
CATTTCTAGCAGACTA-1,background
CATTTGAGTGGTACGT-1,background
CCAAACAGAACCCTCG-1,background
CCAAATAACAAGATTC-1,background
CCAACGATGCACTGAT-1,background
CCAAGAAAGTGGGCGA-1,background
CCAAGACTTCTGCGAA-1,background
CCAAGCGTAACTCGTA-1,background
CCAAGGAACAGAGAGG-1,background
CCAATCGGTAGATCGA-1,background
CCAATGTCACAGCAAG-1,background
CCAATTACGGGTCGAG-1,background
CCAATTGAATGTTAAT-1,background
CCACAATGTACGTCTT-1,background
CCACACTGAGATATTA-1,background
CCACAGCTGAAATCAT-1,background
CCACAGTACCCATCCT-1,background
CCACCAACTTTACTGT-1,background
CCACCCAAGGAAAGTG-1,background
CCACGAGAAGAGAATC-1,background
CCACGGAGCCATAAGA-1,background
CCACGGTGCCCGGTAG-1,background
CCACTATCCGGGTCAC-1,background
CCACTGGTGGCTGGTT-1,background
CCACTGTTTGGATTAA-1,background
CCAGAAAGCAACTCAT-1,background
CCAGAGACAAAGCCGG-1,background
CCAGATAGTTGAGTGA-1,background
CCAGCTACGCCTCATA-1,background
CCAGCTCGAACGCATT-1,GALT
CCAGCTGATGGTACTT-1,background
CCAGCTTCCGCCCGCA-1,background
CCAGGGACGTGGCCTC-1,background
CCAGTCAAATCTCTTA-1,background
CCAGTCCATTATTCGA-1,background
CCAGTCTAGACGGCGC-1,background
CCAGTCTTGTCATAGA-1,background
CCATAAACAACCCGAC-1,background
CCATAGGTTGGCGTGG-1,background
CCATAGTCAGTAACCC-1,background
CCATCCATACCAAGTC-1,background
CCATCGCAGTTAAACT-1,background
CCATCTCACCAGTGAA-1,background
CCATCTTGTTCACAAT-1,background
CCATGCCCTAGATTTC-1,background
CCATGCCTGTTTAGTA-1,background
CCATGCTCTGCAGGAA-1,background
CCATGGCCCTTGTACC-1,background
CCATTAGCGATAATCC-1,background
CCATTCCCTGCCCACA-1,background
CCATTTCTACCTATTA-1,GALT
CCCAAACATGCTGCTC-1,background
CCCAACATACGTCGCG-1,background
CCCAACCACACTAACA-1,background
CCCAATGAGATTTGCA-1,background
CCCAATTTCACAACTT-1,background
CCCAGGTCTGAAGGCT-1,background
CCCAGTAAACTTGGGA-1,background
CCCAGTTAAGGCGCCG-1,background
CCCGAAGTTTCGCGAA-1,background
CCCGACCATAGTCCGC-1,background
CCCGCAGCGCGAACTA-1,background
CCCGCAGGGCCCAAAG-1,background
CCCGCCATGCTCCCGT-1,background
CCCGCGCAATGCACCC-1,GALT
CCCGGGTCGTTCAGGG-1,GALT
CCCGGTGGAAGAACCT-1,background
CCCGGTGTATCGGAAT-1,background
CCCGTAAGTCTAGGCC-1,background
CCCGTAGCTGGGAAGA-1,background
CCCGTCAGCGTCTGAC-1,background
CCCGTTTCGCAGATGT-1,background
CCCTAGTGTCAGGTGT-1,background
CCCTATGTAGAGCAGA-1,background
CCCTCATTCTGGAATT-1,background
CCCTCCTCGCTCGTAT-1,background
CCCTGAAATGAGTTGA-1,background
CCCTGACTAACAAATT-1,background
CCCTGATGTAACTCGT-1,background
CCCTGCCCAATCCGCT-1,background
CCCTGCGCTACGCATA-1,background
CCCTGGTATGGGCGGC-1,background
CCCTTTGACAGGTCTT-1,background
CCGAAAGTGGTGAGCA-1,background
CCGAACCTTCCCGGCC-1,GALT
CCGAAGTATATTGTTC-1,background
CCGACAAACACATGAG-1,background
CCGACAAAGGGAGTGC-1,background
CCGACGGGCATGAGGT-1,background
CCGACGTAAACACAAC-1,background
CCGAGAAGTCGCATAA-1,background
CCGAGGGATGTTAGGC-1,background
CCGATCTCAACCTTAT-1,background
CCGATTCGAGGGACCC-1,background
CCGCACAAAGACCAAC-1,background
CCGCACGTGACCTCGG-1,background
CCGCATGTGGTACGAT-1,GALT
CCGCCGGTCAACACAC-1,background
CCGCCTGCGAATTGGT-1,background
CCGCCTTGCGATGTCG-1,background
CCGCGATTTGGTAGGT-1,background
CCGCGGAATGCGTCAC-1,background
CCGCGGGTACGAAGAA-1,background
CCGCGTAGGTAAGGGC-1,background
CCGCTATCAGCACCAG-1,background
CCGCTGGTGCCATTCA-1,background
CCGCTTACCTCACTCT-1,background
CCGCTTGCTGACATGG-1,background
CCGGAATGGTTTCAGT-1,background
CCGGAGCGTACTTTCT-1,background
CCGGCGCATATTGGAT-1,background
CCGGCGTGAGACTCTG-1,background
CCGGGACCCGCAGAGA-1,background
CCGGGCGGTCTCGTCA-1,background
CCGGTAATGGCTAGTC-1,background
CCGGTTTGTAATTGTG-1,background
CCGTAAGTTGGTCCCA-1,background
CCGTACCCAAGCGCCA-1,background
CCGTAGGAAATCCCTG-1,background
CCGTAGGGTTGTTTAC-1,background
CCGTATCTCGTCGTAG-1,background
CCGTGCCCATGACGGC-1,background
CCGTGTTAAATTCCAT-1,background
CCGTTACGTTAGAACA-1,background
CCGTTCCGAATCTCGG-1,background
CCTAAAGGCTGACGCT-1,background
CCTAAATTAACGGTTC-1,background
CCTAACCCAAACAAGT-1,background
CCTAACTAAGGCTCTA-1,background
CCTACATTCACAGACG-1,background
CCTACGGCTCAGTCGA-1,background
CCTACTGCTTACACTT-1,background
CCTAGGCGTAGCGATC-1,background
CCTAGGTAAAGGTAGC-1,background
CCTAGTTAGTCGCATG-1,background
CCTATAATGAGTGCCC-1,background
CCTATACCGTCCTGTC-1,background
CCTATCTATATCGGAA-1,background
CCTATGAAGTGGTGCC-1,background
CCTATGGCTCCTAGTG-1,background
CCTATGGGTTACCGTC-1,background
CCTCACCAATCTTGAC-1,background
CCTCACCTGAGGGAGC-1,background
CCTCACCTTAGCATCG-1,background
CCTCATGCAGCTACGA-1,background
CCTCCCGACAATCCCT-1,background
CCTCCGACAATTCAAG-1,background
CCTCCTGAGCCCACAT-1,background
CCTCGAAGTGGACGGG-1,background
CCTCGCCAGCAAATTA-1,background
CCTCGCGCGATATAGG-1,background
CCTCGCGCTGTGCGAT-1,background
CCTCGGACCGGGATAG-1,background
CCTCGGATGCTACCTG-1,background
CCTCTAATCTGCCAAG-1,background
CCTCTATCGATTAGCA-1,background
CCTCTCTCCCATCTAG-1,background
CCTCTGGCCTAGACGG-1,background
CCTCTGTACTATTCTA-1,GALT
CCTGAACGATATATTC-1,background
CCTGAATATTTACATA-1,background
CCTGACCACCGATGGT-1,background
CCTGCCCGTTGTCTAG-1,background
CCTGCGTTCTACGCTT-1,background
CCTGGCTAGACCCGCC-1,background
CCTGGTCGAATGTGGG-1,background
CCTGTAAGACATGATA-1,background
CCTGTCACCCGGGCTC-1,background
CCTGTCCCTCACGTTA-1,background
CCTGTCGCCCGTAAAT-1,background
CCTGTTTGAAGACACG-1,background
CCTTCAGTTAAAGTGA-1,background
CCTTCTCAGCGTTCCT-1,background
CCTTCTTGATCCAGTG-1,background
CCTTGACCACTTTATT-1,background
CCTTTAAGGGAGCACT-1,background
CCTTTCAATGAAGAAA-1,background
CGAAACATAGATGGCA-1,background
CGAAACGCAATTCATG-1,background
CGAACAGTATGGGCGT-1,background
CGAACCCGCATGCGTC-1,background
CGAACGCCCAGTGCCG-1,background
CGAACGGCCGGACAAC-1,background
CGAAGCTATAAATTCA-1,background
CGAAGTTGCTCTGTGT-1,background
CGAATCTGCTCGACGC-1,background
CGAATGAAGTCATTGC-1,background
CGAATGACGCATAATG-1,background
CGACACGCTCCGACAG-1,background
CGACAGTTCGCGTTAT-1,background
CGACATGCGATCTTCT-1,background
CGACCCTTAACGCCGG-1,background
CGACGCATCCGTACCT-1,background
CGACTCAGGATGTTAT-1,background
CGACTTTGTATAGCCT-1,background
CGAGACCCTAGAGTGT-1,background
CGAGAGATGTGAACCT-1,background
CGAGAGCGCGTAGATA-1,background
CGAGAGGGTAGCCGCG-1,background
CGAGCACTTCAAGTTT-1,background
CGAGCTGGGCTTTAGG-1,background
CGAGGCCAGGCATTGG-1,background
CGAGGCTAAATATGGC-1,background
CGAGGGTATCCAGGTG-1,background
CGAGTACTAAAGAGGA-1,background
CGAGTGAAGGTACCAG-1,background
CGAGTGCTATAGTTCG-1,background
CGAGTTCTGTCCCACC-1,background
CGATACCTCGCGGACA-1,background
CGATATTAGCCGCAGG-1,background
CGATCCGACCCAGTGC-1,background
CGATCTGTTGGAGGAC-1,background
CGATGGACCCTACGCC-1,background
CGATTAAATATCTCCT-1,GALT
CGATTCGCCTGGCTGC-1,background
CGCAAACACGAGTTAC-1,background
CGCAATTACTTTCGGT-1,background
CGCAATTAGGGTAATA-1,background
CGCAATTCTACAATAA-1,background
CGCACATGTCCACTAC-1,background
CGCACGTGCGCTATCA-1,background
CGCAGAAACATTTGCG-1,background
CGCAGATCTTCACCCG-1,background
CGCATCATGGCTTCAG-1,background
CGCATCCATCAGCCAG-1,background
CGCATGGTGCGATGCT-1,background
CGCATTAGCTAATAGG-1,background
CGCCACAGGTCGCGAT-1,background
CGCCATCCGATTATGA-1,background
CGCCCAGCACGCCTAG-1,background
CGCCCGCTTCCGTACA-1,background
CGCCCTTGAAGGCTGA-1,background
CGCCGCCCATGCCTGT-1,background
CGCCGTTCAGCATAGT-1,background
CGCCTGGCCTACGTAA-1,background
CGCGACACTGCGCAGC-1,background
CGCGACCGCGACAGAT-1,background
CGCGAGAGGGACTTGT-1,background
CGCGAGTCTGCCGGGT-1,background
CGCGCAAATGTCCAGA-1,background
CGCGCATGTTTGATTG-1,background
CGCGCCCGACTTAATA-1,background
CGCGGCAGTATTACGG-1,background
CGCGGGAATTAGGCAG-1,background
CGCGGTCACAAACCAA-1,background
CGCGTTCATGAAATAC-1,background
CGCTACGGGACATTTA-1,background
CGCTAGAGACCGCTGC-1,background
CGCTATACCGCCCACT-1,background
CGCTATTCAATGTATG-1,background
CGCTATTCTTAGGCTC-1,background
CGCTCGACATAATGAT-1,background
CGCTCTCCGTAGATTA-1,background
CGCTGGTGACTACCCT-1,background
CGCTGTGACGCCGCAC-1,background
CGCTGTGTGGATGTTG-1,background
CGCTTATTCCCGGTCG-1,background
CGCTTCCACTGAAATC-1,background
CGCTTTCATACCGGTG-1,background
CGCTTTCTTGCATTCG-1,background
CGGAAAGAATCAAACG-1,background
CGGACGTTACTTGAAG-1,background
CGGAGCAATTTAATCG-1,background
CGGAGCATGGCGATCC-1,background
CGGAGCTTATAACACC-1,background
CGGAGTTTGAGAGACA-1,background
CGGATAAGCGGACATG-1,background
CGGATCCTCAAGGACT-1,background
CGGCAAACATCGTGCG-1,GALT
CGGCAATAAGATCGCC-1,background
CGGCACCGTTAGCGCC-1,background
CGGCACTCAAGAAAGT-1,background
CGGCAGGGTCGGGTTG-1,background
CGGCCACGCACAAAGT-1,background
CGGCCCAACCTGTAGT-1,background
CGGCCCAGGTATATCC-1,background
CGGCGCCATCAATCCC-1,background
CGGCTCTAAAGCTGCA-1,background
CGGCTCTTCGTCGAAC-1,background
CGGCTTTGTATGATAA-1,background
CGGGAATATAGTATAC-1,background
CGGGAATTTATGTAAA-1,GALT
CGGGAGCTTCAGTGTA-1,background
CGGGAGTATACCGCCG-1,background
CGGGATCAATGTAAGA-1,background
CGGGCAGCTAAACCGC-1,background
CGGGCCATAGCCGCAC-1,background
CGGGCCTTCTTTGTAA-1,background
CGGGTGTACCCATTTA-1,background
CGGTACTAGAATCAAA-1,background
CGGTAGAGGTGCAGGT-1,background
CGGTATAGGTATTAGC-1,background
CGGTCAAGTGGGAACC-1,background
CGGTCCGTCGCAAGCC-1,background
CGGTCTATCAACCCGT-1,background
CGGTGAAGACTAAAGT-1,background
CGGTGCAGATAGAACG-1,background
CGGTGCGCGTTGGTCC-1,background
CGGTGGGCTCCAGCCT-1,background
CGGTGTACTTGATCCC-1,background
CGGTTATCCAACAGTG-1,background
CGGTTCAAGTAGGTGT-1,background
CGGTTCCGGCTTCTTG-1,background
CGTAAACGCTTGAGTG-1,background
CGTACCTGATAGGCCT-1,background
CGTAGCGAATTGTCAG-1,background
CGTAGCGCCGACGTTG-1,background
CGTATTAAGAGATCTA-1,background
CGTCAAGGCTATAAAT-1,background
CGTCACGTCCATTGGT-1,background
CGTCAGCTATTTACTC-1,background
CGTCAGTGCGCACAAG-1,background
CGTCGCGGCGGGATTT-1,background
CGTCGGATAGTGTTGA-1,background
CGTCGGGTCTAAGCGC-1,background
CGTCTGGAAGGGCCCG-1,background
CGTGAAGTTAATTCAC-1,background
CGTGACATTGGGTCGT-1,background
CGTGACCAGTCCTCTG-1,background
CGTGCAGACTGGGACA-1,background
CGTGCATTGTCGACGC-1,background
CGTGCCCTCCCGAAGA-1,background
CGTGCTTCTACCTAAA-1,background
CGTGTCCCATTCGCGA-1,background
CGTGTCTCGTTACGAC-1,background
CGTGTGTTAAACCCTG-1,background
CGTTAAACTAGTTAGG-1,background
CGTTAATGTCCCGACG-1,background
CGTTCAGACCCGCGAA-1,background
CGTTCTTCGCACACCT-1,background
CGTTGAATACCGCGCT-1,background
CGTTGAGCGACCGTCG-1,background
CGTTGCCCGCGTGGGA-1,background
CGTTGTAAACGTCAGG-1,background
CGTTGTAAGATTGATT-1,background
CGTTGTCGGCAATTGA-1,background
CGTTGTTTCAATTCCC-1,background
CGTTTAAGCGGAGCAC-1,background
CGTTTCACTTCGGGCG-1,background
CGTTTCGCTCATTACA-1,background
CGTTTGTGTAGAGGGT-1,background
CTAAAGAATGCCTACT-1,background
CTAAAGGGAAATAGGA-1,background
CTAAATCCGGTGTACA-1,background
CTAAATCCTATTCCGG-1,background
CTAACCGCGCGCCCGT-1,background
CTAACGAAACTTGCTG-1,background
CTAACTGATAATCGCC-1,background
CTAACTGGTCCGGTTC-1,background
CTAATTCGCACGCGCT-1,background
CTAATTCTCAGATATT-1,background
CTAATTTCAACAACAC-1,background
CTACAAGAAATAACCC-1,background
CTACACTCGCAGATGG-1,background
CTACCCTAAGGTCATA-1,background
CTACGCACGGAGTACC-1,background
CTACGCCATTTCCGAT-1,background
CTACTATCATAGGTTT-1,background
CTACTCAAGGTATAGT-1,background
CTACTCTAGGCCCGGC-1,background
CTACTGCCACCTGACC-1,background
CTAGACTGCATTTCGT-1,background
CTAGCCGATGTTATGA-1,background
CTAGGCGCCCTATCAG-1,background
CTAGGTCTGAAGGAAT-1,background
CTAGGTTCGGACGTGA-1,background
CTAGTATTCGGAATTA-1,background
CTAGTCACGTCTTAAG-1,background
CTAGTGAAGGACAGGA-1,background
CTAGTTACAACCCGGT-1,GALT
CTAGTTGGGCCCGGTA-1,background
CTATAAGAGCCAATCG-1,background
CTATAGGCGTTGATGT-1,background
CTATCGACGAAATACA-1,background
CTATCGGGTCTCAACA-1,background
CTATGCCCGAATGCAA-1,background
CTATGTCACTAGCCCA-1,background
CTATGTCTATTGAAAC-1,background
CTATGTGAGTCACGGC-1,background
CTATTCATGTGTCCCA-1,GALT
CTATTGTGTTTGGTCA-1,background
CTATTTGGTTACGGAT-1,background
CTCAAACCACTGCCCG-1,GALT
CTCAAGACATTAGCGC-1,background
CTCACATTTACTAAAT-1,background
CTCACTGTGATACTTA-1,background
CTCAGGACTCACCTGT-1,background
CTCAGTCACGACAAAT-1,background
CTCATGGCTCACAATC-1,background
CTCATGGTAATTTGCG-1,background
CTCATTGCTCTAACAA-1,background
CTCATTTGATGGGCGG-1,background
CTCCCTCCTTTCGATC-1,background
CTCCGCCCACATGAGG-1,background
CTCCGGCCTAATATGC-1,background
CTCCGGCTTGTAGACA-1,background
CTCCTAAGTTATGTCT-1,background
CTCCTCCAGCTCACAC-1,background
CTCCTTTACGCAAGTC-1,background
CTCGAGGTCGAACAGT-1,background
CTCGATATTTGCGAGC-1,background
CTCGCACCTATATAGT-1,background
CTCGCCGAATGTAGGG-1,background
CTCGGGTTCTCTGGCC-1,background
CTCGGTACCACTGCTC-1,background
CTCGGTCCGTAGCCTG-1,background
CTCGGTTGTCGGCCCT-1,background
CTCGTCGAGGGCTCAT-1,background
CTCTAATGCATTGATC-1,background
CTCTATTTGGCTGCAG-1,background
CTCTCACAATCGATGA-1,background
CTCTCTAACTGCCTAG-1,background
CTCTGCGAAGCAAGCA-1,background
CTCTGGACGCCTGGTG-1,background
CTCTGTTTGAGGATTC-1,background
CTCTTCTATTGACTGG-1,background
CTCTTCTGGAAGTTAG-1,background
CTCTTGTCCCGCTTGG-1,background
CTGAAAGAGATCCGAC-1,background
CTGAATCCGAGACCTC-1,background
CTGAGCAAGTAACAAG-1,background
CTGATAGTGTATCTCA-1,background
CTGCACAACTACATAT-1,GALT
CTGCACCTGGAACCGC-1,background
CTGCACTCCAGTACAG-1,GALT
CTGCCAAGGTTGGAAG-1,background
CTGCCATGCATCACAT-1,background
CTGCGGGTGAAATGTT-1,background
CTGCGGTAGTCACGTG-1,background
CTGCGTTACGATATAA-1,background
CTGCTGAGGCCACGAA-1,background
CTGCTTGGCGATAGCT-1,background
CTGGAAATGGATGCTT-1,background
CTGGAAGACACGGTGG-1,background
CTGGACGCAGTCCGGC-1,background
CTGGATTTACACTTGA-1,background
CTGGCATCCGAATGAG-1,background
CTGGCGACATAAGTCC-1,background
CTGGCGCACAGGTCTG-1,background
CTGGCTCCTGCGGGAT-1,background
CTGGCTGGTTGTCAGT-1,background
CTGGGATAAATAATGG-1,background
CTGGGCCTGCTATATC-1,background
CTGGGTAGGCAGTTAA-1,background
CTGGTAACGAGCTCTT-1,background
CTGGTCATTCCAATCC-1,background
CTGGTCCTAACTTGGC-1,GALT
CTGGTTCAACGCATCA-1,background
CTGGTTTCGAGCAAGA-1,background
CTGTACTTCTTAGCAT-1,background
CTGTAGCCATCTCACT-1,background
CTGTATGGTGTAGAAA-1,background
CTGTCAAATGGCTCGG-1,background
CTGTGCAGGGTAGGTC-1,GALT
CTGTGGTCGGGAGATA-1,background
CTGTTACCCAATCTAG-1,background
CTGTTCACTGCCTGTG-1,background
CTGTTCATCTCACGGG-1,background
CTTAAATAAGACCCAT-1,background
CTTAACTTCGAAGTAC-1,background
CTTACACGGTATTCCA-1,background
CTTACACTGGGAAATA-1,background
CTTAGCCCGGATAGTG-1,background
CTTAGCCTTCCACATG-1,background
CTTAGTGTAGTAGCAT-1,background
CTTATGCGCTCAGGGC-1,background
CTTCAACTCCACTTGG-1,background
CTTCAGTGGTCGCCTA-1,background
CTTCATAGCTCAAGAA-1,background
CTTCATTGTCAGTGGA-1,background
CTTCCGCTCCGTGAAG-1,background
CTTCGGCCAATTGTTT-1,background
CTTCGTAGATAGGTGA-1,background
CTTCTATGTTGAAGTA-1,background
CTTCTATTAATGCTAG-1,background
CTTCTTACGTCGTATA-1,background
CTTGAGGTTATCCCGA-1,background
CTTGCAACCGCCTCCT-1,background
CTTGCCCAGGCTCTAC-1,background
CTTGGCCAAGCTGGGA-1,background
CTTGTACTTGTTGACT-1,background
CTTGTCAACATTCGAG-1,GALT
CTTGTGAGTCTTTGAC-1,background
CTTGTGCTCACCGATT-1,background
CTTGTTGCTGAGTCAA-1,background
CTTGTTTATGTAGCCA-1,background
CTTTAACTTTCAAAGG-1,background
CTTTAATATTGGTCGA-1,GALT
CTTTACCGAATAGTAG-1,background
CTTTAGGAACACTGTT-1,background
CTTTAGTGCTATTATT-1,background
CTTTCTGTGCGGGCTT-1,GALT
CTTTGGCGCTTTATAC-1,background
CTTTGGCTTTAGTAAA-1,background
CTTTGGGATTGTTGCA-1,background
GAAACAGCCATGCAGT-1,background
GAAACATAGGAAACAG-1,background
GAAACCATGGTGCGCT-1,background
GAAACCGAATTACCTT-1,background
GAAACTCGTGCGATGC-1,background
GAAACTCTAATGAAGG-1,background
GAAAGCAGTGCACTTT-1,background
GAAAGCCCTTTGGACC-1,background
GAAAGTGACTAACTGC-1,background
GAAATACCTGCTGGCT-1,background
GAAATACTAAACGTTT-1,background
GAAATATCACCATCAG-1,background
GAAATCGCGCGCAACT-1,background
GAAATGGCGGTGTTAG-1,background
GAAATGGGATGTAAAC-1,background
GAAATTAGCACGGATA-1,background
GAAATTCACATCGCTG-1,background
GAAATTGTCTCTATAA-1,background
GAACACACATCAACCA-1,background
GAACAGATTACTAAAT-1,background
GAACCCTCTGTGTTCT-1,background
GAACCTCGACCTACAC-1,background
GAACCTTTAACGATCC-1,background
GAACGACCGAATGATA-1,background
GAACGCGGGTCACACG-1,background
GAACGTCTCATGGTCG-1,background
GAACGTTAGGAAGACG-1,background
GAAGAAACGATATTGT-1,background
GAAGAACGGTGCAGGT-1,background
GAAGCCACTGATTATG-1,background
GAAGCCTGCACATTCC-1,background
GAAGCTCGGACCCGTC-1,background
GAAGCTTGCTGACCGC-1,background
GAAGGAGTCGAGTGCG-1,background
GAAGTCAGTTGCACTA-1,background
GAAGTCTCCCTAGCGA-1,background
GAAGTGATTTATCGTG-1,background
GAAGTGCTGGATAGCT-1,background
GAATAGACGCGACCCA-1,background
GAATAGTGCTCGATTA-1,background
GAATATTCGGAGTCCC-1,background
GAATCGACATGGTCAC-1,background
GAATCGCCGGACACGG-1,background
GAATCTGAACATTCTC-1,background
GAATGCCGAAATGACC-1,background
GAATGCGAATCGGTTC-1,GALT
GAATGGGCTTATCGAC-1,background
GAATGTATGGCAGGTC-1,background
GAATGTGGTCCGGATT-1,background
GAATGTTGGGTAATCT-1,background
GAATTATAGTGAAAGG-1,background
GAATTCACCCGGGTGT-1,background
GACAAACATATGCAGG-1,background
GACAACGACCATTGAA-1,background
GACAACGCAGCTTACG-1,background
GACACAAGGGAAGAAA-1,background
GACACGAGTTAGAGGA-1,background
GACACTGAGTTCAGTG-1,background
GACACTGGAACCCGAT-1,background
GACAGATTTCTGGCTC-1,background
GACAGCCAGACCTGAC-1,background
GACAGGCACACACTAT-1,background
GACATCCGTCGAACTG-1,background
GACATCGATTTATAAC-1,background
GACCAGAGCCCTGTAG-1,GALT
GACCCAATTATGATAC-1,background
GACCCGTCGCCGGCTA-1,background
GACCGACGTGAAAGCA-1,background
GACCGACTGAAGCGTC-1,background
GACCGCGTCTGACGTG-1,background
GACCGTCAGGTCGTGA-1,background
GACCGTGCTGACGGTG-1,background
GACCGTTACATGCGAC-1,background
GACGACGATCCGCGTT-1,GALT
GACGAGGCTAATAAAC-1,background
GACGCCGTAAAGGCTA-1,background
GACGCCTGTTGCAGGG-1,background
GACGCTTGCTTCTAAA-1,background
GACGGGTTGGCCCGTA-1,background
GACGGTCAATAGAAGC-1,background
GACGTGAGACTCCATG-1,background
GACGTGTAGGGATTAT-1,background
GACTAACACAGCACCT-1,background
GACTAAGATCATGCAC-1,background
GACTAAGTAGGCTCAC-1,background
GACTACAATTGCTCGT-1,background
GACTCACCCACGTGAG-1,background
GACTCCCAGAATAAGG-1,background
GACTCGCGGGAATGAC-1,background
GACTGCAAATCGAGCT-1,background
GACTGCACCAGCCCAG-1,background
GACTGCGGCACGTGTA-1,background
GAGACTGATGGGTAGA-1,background
GAGACTTCGCGACCGA-1,background
GAGAGGGCGCGAGGTT-1,background
GAGAGGTGCATTCTGG-1,background
GAGATCTGCTTGGCAT-1,background
GAGATCTGTCACTCCG-1,background
GAGATCTTCCATGACA-1,background
GAGATGGGAGTCGACA-1,GALT
GAGCACCTGTGTCCAG-1,background
GAGCATCAACAACTTG-1,background
GAGCATCATCCCTGGG-1,background
GAGCCAGCTACCTGTG-1,background
GAGCGAGGGAGTACCG-1,background
GAGCGCAAATACTCCG-1,background
GAGCGCGCACGAGTAG-1,background
GAGCGCTGTTAGGTAA-1,background
GAGCTAAGGGCATATC-1,background
GAGCTCTCGGACCTAA-1,background
GAGCTGTCGTCTCGGA-1,background
GAGGAATGGAGAGGTT-1,background
GAGGCCCGACTCCGCA-1,background
GAGGGAGTCAGATCGC-1,background
GAGGGCATCGCGTATC-1,background
GAGGGCGCAGCTCTGC-1,background
GAGGGTAGTAACAAAG-1,background
GAGGTACATCCATCTT-1,background
GAGGTCCCAAAGATCT-1,background
GAGTAAGGCCACGGGA-1,background
GAGTACGGGTATACAA-1,background
GAGTAGATACTAGTTG-1,background
GAGTATGCCCGCCTTG-1,background
GAGTATGCGCGTGCAT-1,background
GAGTCAGACCAGAATC-1,background
GAGTCCGCTTACCGGA-1,background
GAGTCGACAGACCCTC-1,background
GAGTGTGCGGTACCCA-1,background
GATAAATCGGTGGATG-1,background
GATAACTCGCACTGTG-1,background
GATAAGGCAGATGCAA-1,background
GATAGGTAACGTTGAC-1,background
GATATCTCATGCAATA-1,background
GATATGAGACACTAAC-1,background
GATATGCGGTAGCCAA-1,background
GATATGGATTACGCGG-1,background
GATATTGAGATTGGCG-1,background
GATATTTCCTACATGG-1,background
GATCAACATAAAGGGA-1,background
GATCATTCCAAACATT-1,background
GATCCCTTTATACTGC-1,background
GATCCGGGAATTAACA-1,background
GATCCTAAATCGGGAC-1,background
GATCCTCGACACTGGC-1,background
GATCCTCTTGCGCTTA-1,background
GATCGACACTATCTGA-1,background
GATCGCGGGCTCTCCA-1,background
GATCGCTACCCGATTT-1,background
GATCGCTATATCTCAG-1,background
GATCGGATAGAACCAT-1,background
GATCGGCGATAAGTCG-1,background
GATCGGTGGCCATAAC-1,background
GATCGTGACTGATATC-1,background
GATCTGCTATCTAAGG-1,background
GATCTTGGAGGGCATA-1,background
GATCTTTGCAGGGTAT-1,background
GATGACAAGTAGGGCA-1,background
GATGCCAGCAGAAGGC-1,background
GATGCGAATGGTATTA-1,background
GATGCGTCCTGCATTC-1,background
GATGCTACAAGCGCCT-1,background
GATGCTGTATTTCATC-1,background
GATGGCGCACACATTA-1,background
GATGGTGCCCTAGGCA-1,background
GATGTCCGGATCACAT-1,background
GATGTCGGTCAACTGC-1,background
GATGTGTTGTCACAAG-1,background
GATGTTTGTGCGAGAT-1,background
GATTAACCGAAAGCCC-1,background
GATTACTGAATTTGGG-1,background
GATTCCCTTGTCGCAG-1,background
GATTCCGCGTTTCCGT-1,background
GATTCCTATACGGCGC-1,background
GATTCGACGGTTCACG-1,background
GATTGCTCCAGTTGCA-1,background
GCAAACCTTGGCCATA-1,background
GCAAATATTACGCTTT-1,background
GCAACACACTAGAACT-1,background
GCAACAGCAGTATGCG-1,background
GCAACCACCAGACCGG-1,background
GCAACCACGGCCGCGT-1,background
GCAACGGCTAGTTATG-1,background
GCAAGAATTCCTTGGC-1,background
GCAAGTGCACAGAGAA-1,background
GCACAAACCCTAGATG-1,background
GCACAAACGAGGCGTG-1,background
GCACAAGTGTCGGAAG-1,background
GCACACACTGGTAGCC-1,background
GCACACGCCCATGGTC-1,background
GCACGCCTACTTAGAT-1,background
GCACTAGTCGCGCTAT-1,background
GCACTGTGCAAATGTA-1,background
GCAGATCCATAAGACT-1,background
GCAGATCCTCGCAAAT-1,background
GCAGATTAGGGATATC-1,background
GCAGCCTATATCACAT-1,background
GCAGCGGTGGGCATTA-1,background
GCAGGAACTTAGATCT-1,background
GCAGGACTATAGAATA-1,background
GCAGGTAGAGTATGGT-1,background
GCAGTGTGGCTATAGG-1,background
GCATACGAGGTCTTTA-1,background
GCATAGAGCACTCAGG-1,background
GCATCCCTAACTTTGA-1,background
GCATCGGCCGTGTAGG-1,background
GCATGAGGGACGCGGC-1,background
GCATTCAAGGCAACGC-1,background
GCATTCGAAATGAACA-1,background
GCATTGTAATTCATAT-1,background
GCATTTCCAAGGCTCC-1,background
GCCAACCATTTCCGGA-1,background
GCCAAGAATACTTCTG-1,background
GCCAATAGGGCATCTC-1,background
GCCACAATTTAAGGAC-1,background
GCCACTCAGAGCGCGA-1,background
GCCAGGAGTAACCGAT-1,background
GCCAGGCGTTCGCATG-1,background
GCCATATTGCACACAG-1,background
GCCATCGAGCTGCGTG-1,background
GCCATCGATGCTGCAT-1,background
GCCCACCAAGGCTGTC-1,background
GCCCAGTTGGTATGCC-1,GALT
GCCCGACTTCTTCCCG-1,background
GCCCGATCTGTGGTCG-1,GALT
GCCCGCGCGTAAACGG-1,background
GCCCGCGCGTTTGACA-1,background
GCCCGTAATACCTTCT-1,background
GCCCTAGCCGTCGCGA-1,background
GCCGACCCACGACTGC-1,background
GCCGATTGGCCAAGCT-1,background
GCCGCTTGTGAGAAAC-1,background
GCCGGGTTAGGGTCGC-1,background
GCCTAGCGATCTGACC-1,background
GCCTATAGTGTCAGGG-1,background
GCCTATTCCGATATAG-1,background
GCCTATTTGCTACACA-1,background
GCCTCCGACAATTCAC-1,background
GCCTCTATACATAGCA-1,GALT
GCCTTCAGCCCTACCG-1,background
GCCTTGTATATGCAGT-1,background
GCGAAACGATCGGGAG-1,background
GCGAAACTTAACTGGA-1,background
GCGAAGCCATACCCGT-1,background
GCGACATGTAAACATC-1,background
GCGACCCAACCATCTG-1,background
GCGACGATAGTTGTAC-1,background
GCGAGAGTTGCGTCCA-1,background
GCGAGCGCATGCTCCC-1,background
GCGAGGCCCGAGCAGA-1,background
GCGATTCTGGAAGCAG-1,background
GCGCAAATATATTCAA-1,background
GCGCAAGAGCGCGCTG-1,background
GCGCATCCAGTCAGCA-1,background
GCGCCGTTCCACGATA-1,background
GCGCCTCCCACTCCGA-1,background
GCGCGTCATTGGTACA-1,background
GCGCTAATTGAATAGA-1,background
GCGCTATGCCGAGGCA-1,background
GCGCTGATCCAGACTC-1,background
GCGCTGCTTTGCATTT-1,background
GCGCTTAAATAATTGG-1,background
GCGGACCGCGTTGTGG-1,background
GCGGAGAAACTTCGCA-1,background
GCGGAGAGGGAGAACG-1,background
GCGGCAAAGTATTGCC-1,background
GCGGCTCTGACGTACC-1,background
GCGGGAACCAGGCCCT-1,background
GCGGGCGAGCCTTACC-1,background
GCGGTCCCTAGACGCA-1,background
GCGGTGAACTGCGCTC-1,background
GCGGTTCCCTATCATG-1,background
GCGTCCCTAAGACATA-1,background
GCGTCGAAATGTCGGT-1,background
GCGTCGCCAGGGTGAT-1,GALT
GCGTCTCTGCATTGGG-1,background
GCGTGGTACTGGGTTA-1,background
GCGTTATATTTGGAAC-1,background
GCTAAACCTGAGGTGA-1,background
GCTAACTGAAGTCTGA-1,background
GCTAAGTAAAGGCGAT-1,background
GCTAATACCGAATGCC-1,background
GCTACAGTACGGACCG-1,background
GCTACGACTTATTGGG-1,background
GCTACTATAGTAGAGT-1,background
GCTAGACCGTCTACTG-1,background
GCTAGAGTAGAGATGT-1,background
GCTAGCAGGGAGTGGG-1,background
GCTAGCTTGAATAGCT-1,background
GCTAGGCACCACGGAG-1,background
GCTAGTTTCATTGAGG-1,background
GCTATACGTCTCGGAC-1,background
GCTATCATACTCATGG-1,GALT
GCTATCGCGGCGCAAC-1,GALT
GCTCAATCCGTTTATT-1,background
GCTCAATGTAATACCG-1,background
GCTCATTACTGCATGT-1,background
GCTCCGCTCGCTTCAG-1,background
GCTCCTGACATACTGG-1,background
GCTCGCGGTTCCGCTC-1,background
GCTCGCTCATGTCCAA-1,background
GCTCTAAACCCTGACG-1,background
GCTCTATGTTACGTGC-1,background
GCTCTCGGGTACCGAA-1,background
GCTCTTTCCGCTAGTG-1,background
GCTGAATCTTCCAATC-1,background
GCTGCACGGTTTCTTA-1,background
GCTGCTAAGTAGTCGA-1,background
GCTGCTACTGCGTAGC-1,GALT
GCTGCTCTCCGGACAC-1,background
GCTGGCATATTCACCT-1,background
GCTGGCGGCGCATGCT-1,GALT
GCTGTATTACTGGCCC-1,background
GCTTAATGTAACTAAC-1,background
GCTTACGTAGTTAGTA-1,background
GCTTATGAAGCAGGAA-1,background
GCTTGATGATAATCAG-1,background
GCTTGGATCGATTAGG-1,background
GCTTTCAGAGGAGGTG-1,background
GGAAACCTTGTTGAAT-1,background
GGAAACTAAATGGGCC-1,background
GGAAAGTGCCCATGCC-1,background
GGAACCGTGTAAATTG-1,background
GGAACCTTGACTCTGC-1,background
GGAACGGCCTGCAGCC-1,background
GGAAGCTCGCTTACAG-1,background
GGAATAACCTCAAGAA-1,background
GGAATGCGCTAGCGTG-1,background
GGACAAGTTGCAGTGA-1,background
GGACACAAGTTTACAC-1,background
GGACCAACAGGATAAC-1,GALT
GGACCTACGGTAACGT-1,background
GGACCTCTAGGCCGCC-1,background
GGACTCGTGAGTGGTC-1,background
GGAGAAGTCATTGGCA-1,GALT
GGAGACGACACCTTTG-1,GALT
GGAGCAACATTTCAAG-1,background
GGAGCACCAAGAACTA-1,background
GGAGGATTGAAAGGAG-1,background
GGAGGGCTTGGTTGGC-1,background
GGAGTGCCGCCCTGGA-1,background
GGATCAAAGGACGAGG-1,background
GGATCCGGAATATACT-1,background
GGATCTTACTGCCCTT-1,background
GGATCTTGACTCAACC-1,background
GGATGACGCGAGTTTA-1,background
GGATGCTGGCGTTCCT-1,background
GGATGTCCTTACCGCA-1,background
GGATTAAGCTAAGGTC-1,background
GGATTCAGTACGGTGG-1,background
GGATTCCGCTATACCC-1,background
GGATTGCTGTGACTCC-1,background
GGATTTCACTTCTATA-1,background
GGCAAAGGCGCCAATA-1,background
GGCAAATTACTTTACT-1,background
GGCACTCCACTGGGCA-1,background
GGCAGCAAACCTATGC-1,background
GGCAGCGGTAATCCTA-1,background
GGCATACAGGTAGCGG-1,background
GGCATATCGGTTCTGC-1,background
GGCATCAACGAGCACG-1,background
GGCCCTCACCCACTTA-1,background
GGCCGAGACTCTGGTG-1,background
GGCCGTTTGGGTTTCA-1,background
GGCCTTTGCAACTGGC-1,background
GGCGCATGAATTGATG-1,background
GGCGCGGAGATCTTTC-1,background
GGCGCGTTCGAGTTTA-1,background
GGCGCTCCTCATCAAT-1,background
GGCGGAGTAATATTAG-1,background
GGCGGTAGGATCATTG-1,background
GGCGTCCTATCCGCTG-1,background
GGCTACTATACACTCC-1,background
GGCTATTAAGTTGTAT-1,background
GGCTCCTCCACCTGTT-1,background
GGCTCGTGCCACCAGC-1,background
GGCTCTGCTCCAACGC-1,background
GGCTGAAATAGCAAAG-1,background
GGCTGGCTAGCTTAAA-1,background
GGCTTTCAATAAGGGT-1,background
GGGAACGGGAGGTTAG-1,background
GGGAACGGTTTCAGAT-1,background
GGGAAGACGGTCTGTC-1,background
GGGAATGAGCCCTCAC-1,background
GGGACAGAGTTACTCC-1,background
GGGACCCGTATATCTT-1,background
GGGACTGCATAGATAG-1,background
GGGAGAACTCACAGTA-1,background
GGGAGGATGCCCGAAA-1,background
GGGAGTAATGGCTGGC-1,background
GGGAGTTAATGAGGCG-1,background
GGGATGGTCGTAACCG-1,background
GGGATTTACCGCACCT-1,background
GGGCAACCGCACGTGC-1,background
GGGCAGAGCAATCGTT-1,background
GGGCCCGTCTTAAACA-1,background
GGGCCCTACGAAAGGG-1,background
GGGCCGGCCGAAGTAC-1,background
GGGCCTAAATGGGCTA-1,background
GGGCGATATGTGTGAA-1,background
GGGCGGCAAATGAATT-1,background
GGGCGGGTTCCCTACG-1,background
GGGCGGTCCTATTGTC-1,background
GGGCGTACATTTATAT-1,background
GGGCGTCACCACGTAA-1,background
GGGCGTCCACTGGCTC-1,background
GGGCGTGGTTTCCCAG-1,background
GGGCTATGATCGATGG-1,background
GGGCTGCCTAGGGCGA-1,background
GGGCTGGTTAGTCGCG-1,background
GGGTAATGCTGTGTTT-1,background
GGGTACCCACGGTCCT-1,background
GGGTACTTCATGAACT-1,background
GGGTATGTATGCACTT-1,background
GGGTCAGGAGCTAGAT-1,background
GGGTCATGCGTACCAT-1,background
GGGTGACACCTTAACT-1,background
GGGTGCATATGAAAGC-1,background
GGGTGGTCCAGCCTGT-1,background
GGGTGTTTCAGCTATG-1,background
GGGTTAACATTTGAGT-1,background
GGGTTCAGACGAACAA-1,background
GGTAAATGTGCGTTAC-1,background
GGTAACCGGGAGGATA-1,background
GGTACAAACATGCTAT-1,background
GGTACCATTAAGACGG-1,background
GGTAGAAGACCGCCTG-1,GALT
GGTAGACCGTTGGGCG-1,background
GGTAGTGCTCGCACCA-1,background
GGTATAGTGACACATA-1,background
GGTATTGCCGAGTTTA-1,background
GGTCAAGACTACTTCG-1,background
GGTCACGTTAGATTCA-1,background
GGTCGGATAAACGGCG-1,background
GGTCGGCCAGGAGCTT-1,background
GGTCGGTAATTAGACA-1,background
GGTCGGTCGTCCACAG-1,background
GGTCGTAAGCTCGCAC-1,background
GGTCTCTGAATGGACT-1,background
GGTCTGAGAATCTGGA-1,background
GGTCTTGAGCGCTCTT-1,background
GGTGAAACCGGGAATG-1,background
GGTGAACGGGCTAGCC-1,background
GGTGAAGTACAGGGAT-1,background
GGTGAGATGCAGATAA-1,background
GGTGATAAGGAGCAGT-1,background
GGTGATTTCATCTTGT-1,background
GGTGCGGATAAGTGGC-1,background
GGTGCTGATCACAAAG-1,background
GGTGCTGGTACACATT-1,background
GGTGGACTGCTCTGGC-1,background
GGTTACCACCCTCGGG-1,background
GGTTAGCTATATGTCT-1,background
GGTTAGGCTTGGAGAA-1,background
GGTTAGTTACGGCGCC-1,background
GGTTCGGATTATACTA-1,background
GGTTCTACTCGTCTGA-1,background
GGTTGTGCTCTTGTCC-1,background
GGTTGTGTAGCCTGGC-1,background
GGTTTAATTACCATCG-1,background
GGTTTACAATCTCAAT-1,background
GGTTTCAATCGGTCAG-1,background
GGTTTGAGTGCTGGAA-1,background
GTAACTTGCGGCAGTC-1,background
GTAAGCGGGCAGTCAG-1,background
GTAAGGATTTGTCGGA-1,background
GTAAGTAACAGTCTGG-1,background
GTAAGTAGGGTATACC-1,background
GTAATCTGATTCTTCG-1,background
GTACAGAGGCAAGGGT-1,background
GTACGACGGCGCTGCG-1,background
GTACGAGATTGCGACA-1,background
GTACGCTTCATTGCAC-1,background
GTACGTTTGCCCGTCA-1,GALT
GTACTAAGATTTGGAG-1,background
GTACTCCCTTATCGCT-1,GALT
GTACTCCTGGGTATGC-1,background
GTACTGAGGTCGTAAC-1,background
GTACTGCATGAAGCGT-1,background
GTACTGGAGTTAGACC-1,background
GTACTTGGGCACTTCT-1,background
GTAGAAACGGGTGGAG-1,background
GTAGACAACCGATGAA-1,background
GTAGACACGCCTGACT-1,GALT
GTAGACGTCGTTACAT-1,background
GTAGAGGGAGACAAGT-1,background
GTAGCCAAACATGGGA-1,GALT
GTAGCGCTGTTGTAGT-1,background
GTAGCGGCTATACACT-1,background
GTAGCTCCGGGAGGCT-1,GALT
GTAGCTTCCTCTTGTT-1,background
GTAGGTGATCCGTGTA-1,background
GTAGTCTACGATATTG-1,background
GTAGTTCGAAGGCGAA-1,GALT
GTATAGGACTCAGTAG-1,background
GTATCAAACGTTAGCT-1,background
GTATCAGCTTGGGTTC-1,background
GTATCTCAGTCTTGAC-1,background
GTATCTTTCATAACCA-1,background
GTATGAAATTTCACTC-1,background
GTATGACGTGGGAAAC-1,background
GTATTAAGGCGTCTAA-1,background
GTATTCTGAGAAACGA-1,background
GTCAAAGAAGTGGTGT-1,background
GTCAAAGTTTACATAG-1,background
GTCAATTGTACTGAAG-1,background
GTCACAAAGTTTCCAA-1,background
GTCACTCTCCAAATCT-1,background
GTCAGAATAGTCTATG-1,background
GTCAGTTTGGTAGTCG-1,background
GTCATGCACCTCCGTT-1,background
GTCATGGACATGACTA-1,background
GTCATTAGAGCGAACG-1,background
GTCATTGCATTGACCC-1,background
GTCCAATATTTAGCCT-1,background
GTCCATTACTGCTACG-1,background
GTCCCAACGTAAAGTA-1,background
GTCCCGCGACGTTATG-1,background
GTCCGAGAGCAATCAT-1,background
GTCCGGACCTGAAATT-1,background
GTCCGGCTGAATTGCG-1,background
GTCCTACAGGCGGCTC-1,background
GTCCTACGAATAGTCT-1,background
GTCCTATTGTTGTGGT-1,background
GTCCTTCTAGTGGGTT-1,background
GTCGCCGTTGTGTGTT-1,background
GTCGCGTAACCCGTTG-1,background
GTCGGATATCTCAGAC-1,background
GTCGGATGTAGCGCGC-1,background
GTCGGGAAGCAGAAAC-1,background
GTCGTACCATCTCGGG-1,background
GTCGTACCTACGATTG-1,background
GTCGTATTGGCGTACA-1,background
GTCGTGTCTGGTCATC-1,background
GTCGTTATTCGCTTAT-1,background
GTCTATTGGTTCCGGT-1,background
GTCTCAAGGCCCGGCT-1,background
GTCTCGACTAAGTTTG-1,background
GTCTTAGTACAGCCGG-1,background
GTCTTGTAGCTATTCA-1,background
GTGAAACGTGCTCCAC-1,background
GTGAACTCCCATTCGA-1,background
GTGAAGCCGTATAGTC-1,background
GTGACAGCTTCCCACT-1,background
GTGACGAGGGTGACCC-1,background
GTGACTTCAGTAGTGC-1,background
GTGAGCGTGCTGCACT-1,background
GTGAGGAGCGGTTGAG-1,background
GTGAGTCTAAGACGGA-1,background
GTGAGTGGTACAACGC-1,background
GTGATCACTAACGCCT-1,background
GTGATCATAGATCTGC-1,background
GTGATGCACAACATCT-1,background
GTGATTCGCCGCTCAA-1,background
GTGCAACAAATGTGGC-1,background
GTGCACGAAAGTGACT-1,background
GTGCCATCACACGGTG-1,background
GTGCCCGTTCGGATTC-1,background
GTGCCTCAGTGTACGG-1,background
GTGCGACAGGGAGTGT-1,background
GTGCGGGACCATCGGC-1,background
GTGCGGGTCTCCAAAT-1,background
GTGCGTGTATATGAGC-1,background
GTGCTCAAGTACTGTC-1,background
GTGCTGCAGATAAGGA-1,background
GTGGAACCTACATGCG-1,background
GTGGACCAACCCGATT-1,background
GTGGACGCATTTGTCC-1,GALT
GTGGACGTGCTGAGAC-1,background
GTGGAGTCGGCGGTTG-1,background
GTGGCGGTCCCAGCGT-1,background
GTGGGAAGACTGAATC-1,background
GTGGGCTTAGACACAC-1,background
GTGGTATAGTCTGCCG-1,background
GTGGTCAGCGAAGTAT-1,background
GTGGTGGCCAAGTGAA-1,background
GTGGTTACTTCTTTCG-1,background
GTGTACCTTGGCTACG-1,background
GTGTATATCAGCGGGC-1,background
GTGTATGACTTTAAAG-1,background
GTGTCGTATAGCGTTC-1,GALT
GTGTGAATAACTTAGG-1,background
GTTAAAGTAGGACTGG-1,background
GTTAACATCACTTAAA-1,GALT
GTTAACTATGTTGTCA-1,background
GTTAAGGGTGCGATGT-1,background
GTTAAGTTAGAGTGGG-1,background
GTTAATGTCTATCTTA-1,background
GTTACTTTGGGCCTAG-1,background
GTTAGAGTGTGCCGCT-1,background
GTTAGCCGTAAATCAA-1,background
GTTAGGCTACCCGTTT-1,background
GTTATAATACGGTGAA-1,background
GTTATATTATCTCCCT-1,background
GTTATCACCTTCTGAA-1,background
GTTATTAACGTGGGAG-1,background
GTTCACAGGAGTCTAG-1,background
GTTCATCGTTTGGCTG-1,background
GTTCCAGTCTGACCAT-1,background
GTTCGCCATAAGTGCC-1,background
GTTCGCTGAGACGTCT-1,background
GTTCGGATCGGGAACA-1,background
GTTCGGGCGTACCATT-1,background
GTTCGTCTAAAGAACT-1,background
GTTCTTCCCTCGATGT-1,background
GTTGAACCGGTTCCAT-1,background
GTTGAGTCCCGCCGGT-1,GALT
GTTGCACGGAGTTTCG-1,background
GTTGGATTCAGTGGCT-1,background
GTTGGATTGAGAACAC-1,background
GTTGGATTTGCGTTGG-1,background
GTTGGTCATGCTATCC-1,GALT
GTTGTCGTGTTAGTTG-1,background
GTTTACGTTCCATCTG-1,background
GTTTCCTGGAGGGTGA-1,background
GTTTCTGCAGTCTCCC-1,background
GTTTGACCAAATCCTA-1,background
GTTTGGCCCAAGTTAT-1,background
GTTTGGCCGCTCAGCG-1,background
GTTTGGGCTTGTGAGC-1,GALT
GTTTGGTAGGGTCAAC-1,background
TAAACCCAGGAGGGCA-1,background
TAAACGTCGTCAATGA-1,background
TAAAGCGGTATTTCCA-1,background
TAAAGCGTTAGGAGAA-1,background
TAAAGCTGCAATAGGG-1,background
TAAATGAATCCGTTTC-1,background
TAACAAAGGGAGAAGC-1,background
TAACAATATTTGTTGC-1,background
TAACAGCGTTTGTGCT-1,background
TAACATACAATGTGGG-1,background
TAACATACACGCGATC-1,background
TAACCGCCCGCAGTGC-1,background
TAACCTACCGTCCGAG-1,background
TAACTATCGAAGGTCC-1,GALT
TAACTATTACGCCAAA-1,background
TAACTCATCCGCGCGG-1,background
TAACTCCATGGAGGCT-1,background
TAAGCAGGCGACACGC-1,background
TAAGCGCGAATCAAAT-1,background
TAAGGAACTTGTGGGA-1,background
TAAGGCATAACATCAA-1,background
TAAGGCCCGTCACCCT-1,background
TAAGGCTGAATCCCTC-1,background
TAAGGGCCTGTCCGAT-1,background
TAAGTAACATCTTGAC-1,background
TAAGTCGCCGAGTATC-1,background
TAAGTTGCGACGTAGG-1,background
TAATAAACAAGGAGAT-1,GALT
TAATACACAGTAGTAT-1,background
TAATAGAACAGAGTTA-1,background
TAATAGTGACGACCAG-1,background
TAATATTGAAATTCGC-1,background
TAATCGATCCGTACGT-1,background
TAATGAAAGACCCTTG-1,background
TAATTAGATGGATATG-1,background
TAATTGGAATCGGGAA-1,background
TACAACGCACAACTCA-1,background
TACAAGTCTCGTGCAT-1,background
TACAGAAACGGTGGGC-1,background
TACATAGGCATACACC-1,background
TACATCCCTATCCCTG-1,background
TACATTTCTAACGTGC-1,background
TACCAAATAGCCCAGA-1,background
TACCAATAAAGTACCA-1,background
TACCAGAAGTAGGTTC-1,background
TACCAGCTAGGTTTAA-1,background
TACCGCGGACTTGCAG-1,background
TACCGGTCGTTTCCAT-1,background
TACCGTAGGTTAACTA-1,background
TACCGTGCCTCGGACC-1,GALT
TACCTACTCCCAGTAT-1,background
TACCTCACGCTTGTAC-1,background
TACCTCAGTTGTCTGT-1,background
TACCTGCTGCACTGTG-1,background
TACCTTAAGATTTCCC-1,background
TACGAACACGACTTCA-1,background
TACGACGCTTGCTGCG-1,background
TACGACTGCCTCTTAG-1,GALT
TACGAGAACTTCACGT-1,background
TACGATGTTGATCATC-1,background
TACGCAGTTCTTTCCT-1,background
TACGCCATATTCTAAT-1,background
TACGCCGAGGGTACCC-1,background
TACGCCTCCATTCCGA-1,background
TACGGGATGCTAGCAG-1,background
TACGTACTAGTGCTGA-1,background
TACGTGCACTATGCTG-1,background
TACTATGGTTCCTCAG-1,background
TACTCCTCTAGTTGAC-1,background
TACTCGGCACGCCGGG-1,background
TACTCTCCGAACAAAT-1,background
TACTCTTTCGTCTTCA-1,background
TACTGAACAGATTTAG-1,background
TACTGCAATCAATTAC-1,background
TACTTGTTAGTAGTCC-1,background
TACTTTACTGAGCCGG-1,GALT
TAGAAAGGTGGCGCTA-1,background
TAGAAATTCACGTATA-1,background
TAGAATTAAGGGCAAC-1,background
TAGACGAAACGCCAAT-1,background
TAGACGCCCGTACCGG-1,background
TAGACTACCTAGCGTT-1,background
TAGAGATCATGCAACT-1,background
TAGAGCTACGAAGAAC-1,background
TAGAGGTTCTACTTGT-1,background
TAGAGTCTAAGCGAAC-1,background
TAGATATGGACTGGAA-1,background
TAGATCCGAAGTCGCA-1,background
TAGATGGTTCCTTACT-1,background
TAGATTCCTGGTTATT-1,background
TAGCAACCTGTCACAA-1,background
TAGCCATTTCAAAGTC-1,background
TAGCCGGCGGTCAGCG-1,background
TAGCGTCCCTCGATTG-1,background
TAGCGTCCGGTGTGGT-1,GALT
TAGCGTTGGGTCTTAC-1,background
TAGCTAAGTCCGGGAG-1,background
TAGCTAGAAGGCATGA-1,background
TAGCTAGTGATGATGG-1,background
TAGCTCGCCTGATAAC-1,background
TAGCTGATGTGAAGCG-1,background
TAGGCATGTTACGCCA-1,background
TAGGGAGCTTGGGATG-1,background
TAGGGTGTTTCAAGAG-1,background
TAGGTCCAAGTAAGGA-1,background
TAGGTCGCCGGAACTG-1,background
TAGGTGACGATAACCT-1,background
TAGGTGAGCCCTACTC-1,background
TAGGTGCTCGCCTAGC-1,background
TAGGTGTTCCACAGAT-1,background
TAGGTTCGAGTTCGTC-1,background
TAGTACCTTAGTGGTC-1,background
TAGTAGCTTATACCAG-1,background
TAGTCCGCAGAGAATG-1,background
TAGTCCGTATGCATAA-1,background
TAGTCGATCACGGGTT-1,background
TAGTCTAACAACGAGA-1,background
TAGTCTGTGACGTTGC-1,background
TAGTGCCCTCCAGAGT-1,background
TAGTGTCAGAAACGGC-1,background
TAGTTAAGATAGGATA-1,background
TAGTTTATTCTTGCTT-1,background
TATAAATCCACAAGCT-1,background
TATAAGTGAGGATAGC-1,background
TATACACAGACGCCTT-1,background
TATACACGCAAAGTAT-1,background
TATACGCGTCATCACT-1,background
TATACTCATGCGGCAA-1,background
TATAGAGTCGCTTGAA-1,background
TATAGATGGTCGCAGT-1,background
TATAGGGTACTCATGA-1,background
TATATAGGGCTTTACG-1,background
TATATATCGAGAAATG-1,background
TATATCCCTGGGAGGA-1,background
TATATTACAAATGTCG-1,background
TATATTCGCGTCGATA-1,background
TATCACCATGTAAAGT-1,background
TATCACCCAACCGACC-1,background
TATCACTTCGAGTAAC-1,background
TATCCATATCATGCGA-1,background
TATCCTGCATGGGAAT-1,background
TATCGATCTATGCATA-1,background
TATCGATGATTAAACG-1,background
TATCTACAGAGGTAAT-1,background
TATCTACCACAGCGGG-1,background
TATCTAGCCTAAAGGA-1,background
TATCTTGCAATACAAC-1,background
TATGAAGACAGGTGCG-1,background
TATGATAAATCTAACG-1,background
TATGATCCGGCACGCC-1,background
TATGATCTTCTCTTTA-1,background
TATGATTCTGCTTGGT-1,background
TATGGAGTTTCTCGTT-1,background
TATGGCCCGGCCTCGC-1,background
TATGGGACCGAGCAGG-1,background
TATGGGTACGTATCGT-1,background
TATGGTCTGAGTAACA-1,background
TATGTCAAGACCGACT-1,background
TATGTCTCATTGTGCC-1,background
TATTAACCTGACCGCG-1,background
TATTACCATCCTGCTT-1,background
TATTATGTTTGCCTGC-1,background
TATTCAATTCTAATCC-1,background
TATTCCACTCAGCTCG-1,background
TATTCCGAGCTGTTAT-1,background
TATTCCGGCAGTCCTA-1,background
TATTCCTCCGCCCACT-1,background
TATTTAGTCTAGATCG-1,background
TATTTATACCGAGTAG-1,background
TATTTGTTACCCTTTA-1,background
TCAAACAACCGCGTCG-1,background
TCAAACTTAGATTGTT-1,background
TCAAATTTGAGACTCA-1,background
TCAACAAAGATAATTC-1,background
TCAACACATTGGGTAA-1,background
TCAACATAGCGCCCTA-1,background
TCAACATCGACCGAGA-1,background
TCAACCATGTTCGGGC-1,background
TCAACGAGGAGACAAA-1,background
TCAACGCAGGAAATAA-1,background
TCAACGCGACCGGCAG-1,background
TCAACTAACGTATAAC-1,background
TCAACTGCAGAGTCAG-1,background
TCAAGAAATACTAGCT-1,background
TCAAGGTTACTACACC-1,background
TCAATACGCCGTCATG-1,background
TCACAGGAGAATAAGA-1,background
TCACAGGGAATCGCAA-1,background
TCACAGGTTATTGGGC-1,GALT
TCACATCTTATCTGAT-1,background
TCACCCTCTTAAGATT-1,background
TCACGATGTCCGTGGA-1,background
TCACGCATTGTAGATC-1,background
TCACGGTCATCGCACA-1,background
TCACGTGCCCGATTCA-1,background
TCACTACGACCAATGC-1,background
TCACTCGTGCAACGGC-1,background
TCAGAACCTCCACAGG-1,background
TCAGACGCTATAGAAG-1,GALT
TCAGCAAATGCATCTC-1,background
TCAGCAGTAGGCCCTG-1,background
TCAGGGCGCAAACTCG-1,background
TCAGGGTGTAACGTAA-1,background
TCAGGTTCTTTGAGAA-1,background
TCAGTACTGACCCGCG-1,background
TCAGTGTATACGTCAT-1,background
TCATACTTACAGATCC-1,background
TCATATGAGCTTTGTT-1,GALT
TCATCACTCGAGCTCG-1,background
TCATCCCAGAGGGTGG-1,background
TCATCGATGGTCCCAA-1,background
TCATGCAGGTTCTCAT-1,background
TCATTTAAGTCTCCGA-1,background
TCATTTAGAAGTGTGA-1,background
TCCAACTTTAAATTCT-1,background
TCCAATAAAGGCTACC-1,background
TCCAGAGCACCGGTTC-1,background
TCCAGATGTACGCCAA-1,background
TCCAGGCGAGTACGGT-1,background
TCCAGGGTATATACGA-1,background
TCCATTGTGACCTCGT-1,background
TCCCAAACAGACAACG-1,background
TCCCAAAGACGAAGGA-1,background
TCCCACTCTCTTCCGG-1,background
TCCCAGCTTTAGTCTG-1,background
TCCCAGGCTTAGCTAA-1,background
TCCCGCGTACTCCTGG-1,background
TCCCGGGTGTGCTGCT-1,background
TCCCGGTCAGGAATTT-1,background
TCCCGTCAGTCCCGCA-1,background
TCCCGTCGCGTCATAG-1,background
TCCCGTGTGCAATTTG-1,background
TCCCTAGATCAATAGG-1,background
TCCCTGGCGTATTAAC-1,background
TCCCTTAGATTACTCG-1,background
TCCGAACTTGGCTTAC-1,background
TCCGAATGGTCCTGAG-1,background
TCCGAGAAGGCTAAGC-1,background
TCCGATAATTGCCATA-1,background
TCCGATGACTGAGCTC-1,background
TCCGATGGTGCGACAT-1,background
TCCGATTACATTGCCG-1,background
TCCGCGGCAGCATCTG-1,background
TCCGCGGCCCAATGAA-1,background
TCCGCTGTCATCCCGG-1,background
TCCGCTTATCCCATTA-1,background
TCCGGCCTAGCGTACA-1,background
TCCGGTTCGTCCGGTC-1,background
TCCGTAACCACAATCC-1,background
TCCGTTAAGCTAATAT-1,background
TCCGTTTAGCCTTGAA-1,background
TCCTAAATTGGGAAGC-1,GALT
TCCTAACCGTCGGGCA-1,background
TCCTACATCCACGGCC-1,background
TCCTAGCAAAGAAGCT-1,background
TCCTCTACGAGATGGC-1,background
TCCTCTCCAGTTGTCC-1,background
TCCTCTGGCCCATTAG-1,background
TCCTGCGTTGATACTC-1,background
TCCTTACGACGGTCCG-1,background
TCCTTCAGTGGTCGAA-1,background
TCCTTTAAATCCGCTT-1,background
TCCTTTCTTACGCTTA-1,background
TCGAAATTTAGGACCA-1,background
TCGAAGAACCGAGCAC-1,background
TCGAATATCCCGCAGG-1,background
TCGAGACCAACACCGT-1,background
TCGAGCCAGGCAGGCC-1,background
TCGATAGGCTAGTCGC-1,background
TCGCAAAGATGCATTT-1,background
TCGCATCCCTAAGTGT-1,background
TCGCATTCAATGACTT-1,background
TCGCCGAAGTTGCGTC-1,background
TCGCCGGTCGATCCGT-1,background
TCGCGTAGCAGTGTCC-1,background
TCGCGTCCAGAAGGTC-1,background
TCGCTAAACCGCTATC-1,background
TCGCTACTGGCTTTGA-1,background
TCGCTCGATATATTCC-1,background
TCGCTGGGCGGATTGT-1,background
TCGCTGTGCGTAAATC-1,background
TCGCTTTAAACGTTTG-1,background
TCGGAATGACCATCAA-1,background
TCGGAGAGTATCGGGA-1,background
TCGGAGTACATGAGTA-1,background
TCGGCGAACCCAAACC-1,background
TCGGCGTACTGCACAA-1,background
TCGGCTTGTATCGACG-1,background
TCGGGAACGTGCCTAG-1,background
TCGGGAGACAGCGTAC-1,background
TCGGGATTCAAACATA-1,background
TCGGGCCGTCGTGGTA-1,background
TCGGGTGAAACTGCTA-1,background
TCGGTCCCGACAATAG-1,background
TCGGTCCCTGACTCCA-1,background
TCGTAAGACGACATTG-1,background
TCGTAAGCTCCGAGGA-1,background
TCGTCAAGTACGCGCA-1,background
TCGTCACACTGTTAGC-1,background
TCGTCCGCTGGCGTCT-1,background
TCGTCTTAGGCGTTAA-1,background
TCGTGTACTATGGATG-1,background
TCGTGTCACGCTGACA-1,background
TCGTGTTCGACCACAA-1,background
TCGTTAGGAGTCCCTA-1,background
TCGTTCGTTATTATGT-1,background
TCGTTGCTATCCGGTC-1,background
TCGTTGGCTCGTCAAT-1,background
TCTAACTGTATGTAAA-1,background
TCTAATACTGCCTCAG-1,background
TCTACCCAATAGAGAG-1,background
TCTACCGTCCACAAGC-1,background
TCTAGCAATCTCCGCC-1,background
TCTAGCATCTTCGATG-1,background
TCTAGCATGCCCAGAA-1,background
TCTAGGTGGCGACGCT-1,background
TCTAGTGATATCGTGG-1,background
TCTAGTTATCAGAAGA-1,background
TCTATCATGCAGTTAC-1,background
TCTATCGGTCGCAACA-1,background
TCTATTACTAGAGGAT-1,background
TCTCATGAGATAGGGT-1,background
TCTCCAACGTAGGTTA-1,background
TCTCGAACGAGGTCAC-1,background
TCTCGACGTATCGCCG-1,background
TCTCGAGGAGGTTCGC-1,background
TCTCGGCTCCAGGACT-1,background
TCTCTAATAGCTGGTA-1,background
TCTCTTACCGCGAACC-1,background
TCTGAACCGGTCGGCT-1,background
TCTGAACTCGTACCCG-1,background
TCTGAAGCACGTGGTC-1,background
TCTGATGTATTCTGTC-1,background
TCTGCCAGAAACTGCA-1,background
TCTGCGTCCGGTTTCT-1,background
TCTGGCGCAAGCCGGG-1,background
TCTGGGAACCTTTGAA-1,background
TCTGGGTAGCGCTCAT-1,background
TCTGTTACCCAGCATA-1,background
TCTTACAGAGGTACCG-1,background
TCTTACCGGAACTCGT-1,background
TCTTACGGCATCCGAC-1,background
TCTTACTTATGCCTCT-1,background
TCTTAGAGTGAACTCT-1,background
TCTTCCCATGGGCACA-1,background
TCTTCGAATAGACGTT-1,background
TCTTGCTCCCGATACT-1,background
TCTTGGTAACACCAAA-1,background
TCTTTAAGACTATGAA-1,background
TCTTTAGAGTCTAACA-1,background
TCTTTAGCAGGCGAAC-1,background
TCTTTCTCTTAAGGAG-1,background
TGAAACTTATGCAAGC-1,background
TGAAAGGACCTGACTC-1,background
TGAAGAGCGGTCCTAG-1,background
TGAATGTCAGCCGGCC-1,background
TGACACTTCTCTTTGC-1,background
TGACATCGAGCGGACC-1,background
TGACCAAATCTTAAAC-1,background
TGACCCACGTTAGACA-1,background
TGACGAATATTTCCCT-1,background
TGAGAATGCTTTACCG-1,background
TGAGAGATTTACCACG-1,background
TGAGATCAAATACTCA-1,background
TGAGATTAGGCCCTAA-1,background
TGAGCAGTCGTGAAGT-1,background
TGAGCCATACAGTCTC-1,background
TGAGCGGAAAGTGTTC-1,GALT
TGAGCTTTAATGACGC-1,background
TGAGGAGTGCCAGCTT-1,background
TGAGTAAATTAGCGTA-1,background
TGAGTGCCTCTTAAAT-1,background
TGAGTGGTCCGTGACG-1,background
TGAGTTAAAGACATTC-1,background
TGATACATTTAGCCGT-1,background
TGATAGCGGGATTCTA-1,background
TGATCAGGGAACTGCT-1,background
TGATCCCAGCATTAGT-1,background
TGATCGGTTTGACCCT-1,background
TGATCTACGCTGATCT-1,background
TGATCTCCGGCGCCAG-1,background
TGATGGCTGTTTCTGA-1,background
TGATGTCAATTAAGTG-1,background
TGATTCCCGGTTACCT-1,background
TGATTCGTCTATCACT-1,background
TGATTCTGTCGCCGGT-1,background
TGATTTATTAGCTGTG-1,background
TGCAAGAATGACGTAA-1,background
TGCAATTTGGGCACGG-1,background
TGCACAGTGAAGTTAT-1,background
TGCACGAGTCGGCAGC-1,background
TGCACTATGTGAGTGC-1,background
TGCAGAACTATATCGT-1,background
TGCAGAGTACCGAGCA-1,background
TGCAGCTACGTACTTC-1,background
TGCAGGATCGGCAAAG-1,background
TGCAGTTTCCTCCCAT-1,background
TGCATATGTCTGTCAC-1,background
TGCATGGATCGGATCT-1,background
TGCATGTGGTAATCTA-1,background
TGCCAATGGGTACTCT-1,background
TGCCACCTGGCGAAAC-1,background
TGCCAGTACGTGGAGA-1,GALT
TGCCATTACTAAAGAA-1,background
TGCCCGTACCGTTAAA-1,background
TGCCGGATGTACGAGC-1,background
TGCCGTGGATCGTCCT-1,background
TGCCTAATTGAAGATT-1,background
TGCCTGACATCGGTCA-1,background
TGCCTGATCAAACGAT-1,background
TGCGAATATGGGATTT-1,background
TGCGACGGCCGAACGT-1,background
TGCGAGAATATTACCC-1,background
TGCGATGCTAATGGCT-1,background
TGCGCGATTAACGGAG-1,background
TGCGGAGTAAAGGTGC-1,background
TGCGGCATAGTTCAAC-1,background
TGCGGTGAAATTTCAT-1,background
TGCGTAAGAACCTGAT-1,background
TGCGTCATGACTGAGC-1,background
TGCGTGATTGGGTGTC-1,background
TGCTAAGTGTCTATTT-1,background
TGCTATACAAACGGAC-1,background
TGCTCCACAGTTCTTA-1,background
TGCTCGGCGAAACCCA-1,background
TGCTCTTGAGAGTTTG-1,background
TGCTGGTTGGACAATT-1,background
TGCTGTTGAAGAACTC-1,background
TGCTTAGAGAGAATGC-1,background
TGCTTCCCAAGCAGTA-1,background
TGGAACCACTGACACA-1,background
TGGAAGAAGGGAACGT-1,background
TGGAAGACGAACACCA-1,background
TGGAAGGATAAAGATG-1,background
TGGAATTAGACGCTTT-1,background
TGGACACCGTTGCTTG-1,background
TGGACCAATCTAAGAT-1,background
TGGACGCAATCCAGCC-1,background
TGGACTGTTCGCTCAA-1,background
TGGAGCTAAAGTTCCC-1,background
TGGAGTGATGCGATGA-1,background
TGGCAAACTAAATTAC-1,background
TGGCAACTCGCGCGCC-1,background
TGGCAATGGGACGGCG-1,background
TGGCAGATTACGATCA-1,background
TGGCAGCAGTAATAGT-1,background
TGGCCAAACTGAAGTA-1,background
TGGCCAATTTGGTACT-1,background
TGGCCGTATATTGACC-1,background
TGGCGACTGCTCCAAA-1,background
TGGCGATCAAGTTATG-1,background
TGGCGGTGTGCGATTG-1,background
TGGCTATGTGACATAC-1,background
TGGCTCTTGTCGCGTA-1,background
TGGCTTTGGGTAGACA-1,background
TGGGAAATGCCTTTCC-1,background
TGGGATGCACTCATTC-1,background
TGGGCACAAACAGAAC-1,background
TGGGCACGTTCTATGG-1,background
TGGGCCACAAGAGCGC-1,background
TGGGCCCATACTAATT-1,background
TGGGTAAGGTTCCCGC-1,background
TGGTAGAATATATGGG-1,background
TGGTATCGCATCCCAA-1,background
TGGTATCGGTCTGTAT-1,background
TGGTCCCACGCTACGG-1,GALT
TGGTCGTGCAAGGCAA-1,background
TGGTCTGTTGGGCGTA-1,background
TGGTGATCGTATTTGT-1,background
TGGTTAAGGGCGCTGG-1,background
TGGTTCAACGGGTAAT-1,GALT
TGGTTCGTAGCAAAGG-1,background
TGGTTGGAGGATCCTG-1,background
TGGTTTAAACGTGGGT-1,background
TGTACGAACAAATCCG-1,background
TGTACTGTGCCAAAGT-1,background
TGTAGGAGAAATTTCC-1,background
TGTATAACAGATCCTG-1,background
TGTATCCTTATTCCAT-1,background
TGTATGGCGCAGACAG-1,background
TGTCATTTGTTGGGAA-1,background
TGTCCGTGGCGCCTTT-1,background
TGTCCTAAGTCACCGC-1,background
TGTCGGCATGGTGGAA-1,background
TGTCTACAGTTTCTGT-1,background
TGTGACTACGCCAGTC-1,background
TGTGAGACTAGCCCAA-1,background
TGTGCCGGTGCCGGAA-1,background
TGTGGCAAAGCGTATG-1,background
TGTGGCGGGCTTCTGG-1,background
TGTGGTTGCTAAAGCT-1,background
TGTGTCGCGAGTTGCA-1,background
TGTGTTCGTATCCAAG-1,background
TGTTCATAAATGTGCT-1,background
TGTTCGTATTGCGGTG-1,background
TGTTCTTCCATTGACT-1,background
TGTTGTCAAGAAGTCT-1,GALT
TGTTTAATACTTCATC-1,background
TGTTTCGGTACTTCTC-1,background
TTAAACAGAGTCCCGC-1,background
TTAAACCGGTAGCGAC-1,background
TTAAACCTGGTTCCTT-1,background
TTAAACTCGAATTCAT-1,background
TTAACACCTCGAACAT-1,background
TTAACCAACCCTCCCT-1,background
TTAACGTCGCAAGACC-1,background
TTAACTCACGCGTGGA-1,background
TTAACTTCAGGTAGGA-1,background
TTAAGATAGGATTGAC-1,background
TTAAGCCGACAACTTC-1,background
TTAAGCGCCTGACCCA-1,background
TTAAGGATACGGAGGT-1,background
TTAAGGCCCGTACTTT-1,background
TTAATTGCTTTGGGTG-1,background
TTAATTTCAGACGCGG-1,background
TTACAACTACGCATCC-1,background
TTACAGACCTAAATGA-1,background
TTACATCGTGGCCTGG-1,background
TTACCATTGATTACCC-1,background
TTACCCATTGCCGGGT-1,background
TTACCCTAACAGTCCT-1,background
TTACCCTAGGGATTGG-1,background
TTACCGCCTTAGGGAA-1,background
TTACGGTGTCACCGAG-1,background
TTACTAAAGGACTTTA-1,background
TTACTCCGGCCGGGAA-1,background
TTACTCTGGTACGTAC-1,background
TTACTGGGATATTTCA-1,background
TTAGAAGAACATGACT-1,GALT
TTAGAATAAGGGTCGG-1,background
TTAGACACGATCGTTG-1,background
TTAGACGAGTCACCTC-1,background
TTAGAGTTTAGAAGGA-1,background
TTAGATAGGTCGATAC-1,background
TTAGCAACATGGATGT-1,background
TTAGCTAATACGATCT-1,background
TTAGCTCTGTAATCCG-1,background
TTAGGTCATAACCGAC-1,background
TTAGTTATTCGTGGCA-1,background
TTAGTTCAAGTGTTCG-1,background
TTATAGATGCACATTA-1,background
TTATAGGTAATTGTCT-1,background
TTATATACGCTGTCAC-1,background
TTATATTTGGCAATCC-1,background
TTATCCAATCGAACTC-1,background
TTATCCGGGATCTATA-1,background
TTATCCTCAAGGAATA-1,background
TTATCGCCTGCGAAGC-1,background
TTATCTGACATTAGGA-1,background
TTATCTGTATCATAAC-1,background
TTATGACAAACTGGAT-1,background
TTATGATCTTAACGAA-1,background
TTATGCGTCCCGGTCC-1,background
TTATGTTTGCGATAGA-1,background
TTATTAGAGCGTGTTC-1,background
TTATTAGGGAAGCATC-1,background
TTCAAAGTCTCTAGCC-1,background
TTCAACGACCCGACCG-1,background
TTCAAGCCGAGCTGAG-1,background
TTCAATACTCTGAATC-1,background
TTCAATTAGCCATAAT-1,background
TTCACGAAAGGATCAC-1,background
TTCACTCGAGCACCTA-1,GALT
TTCAGCCCTGGTCCAC-1,background
TTCAGCTGGCGTGCCC-1,background
TTCAGGCGTCAAAGCC-1,background
TTCATGGCGCAACAGG-1,background
TTCCAATCAGAGCTAG-1,background
TTCCAATCTGGCTATC-1,background
TTCCACACAGATTTGA-1,background
TTCCATCATGCGGTGA-1,background
TTCCCGGCGCCAATAG-1,background
TTCCGCAGAGAAATAT-1,background
TTCCGCGTGAGGCGAT-1,GALT
TTCCGGCCTTGAGGCT-1,background
TTCCGGTTACCCACTT-1,background
TTCCTCGAGGGTGTCT-1,background
TTCCTCGGACTAACCA-1,background
TTCCTTTCTGTGTTGC-1,background
TTCGACAGAGCCCGTG-1,GALT
TTCGACGGGAAGGGCG-1,background
TTCGCACTCGCGTGCT-1,background
TTCGCACTGTACGACA-1,background
TTCGCATCCGGAAGCA-1,background
TTCGCGCGCCATACGA-1,background
TTCGGCAACCCGCTGA-1,background
TTCGGCTAGAGATGGT-1,background
TTCGGGACTAATCGCG-1,background
TTCGGGCGCTAGTCTT-1,background
TTCGTAATCCCAGCGG-1,background
TTCTAACCGAAGCTTA-1,background
TTCTACTTGCGAGGGC-1,background
TTCTAGAAAGTCTTAT-1,background
TTCTAGGCCAATTGTG-1,background
TTCTGACCGGGCTCAA-1,background
TTCTGCCGCGCCTAGA-1,GALT
TTCTGCGAGCGCCCTT-1,background
TTCTGCGGGTTAGCGG-1,background
TTCTGCTAGACTCCAA-1,background
TTCTGTTTCCTGTCGC-1,background
TTCTTAGTGAACGGTG-1,background
TTCTTAGTGGCTCAGA-1,background
TTCTTGAGCCGCGCTA-1,background
TTCTTGGACGATCTGC-1,background
TTCTTGGAGTAATGAG-1,background
TTCTTGTAACCTAATG-1,background
TTCTTGTGTCCATCAG-1,background
TTCTTTGGTCGCGACG-1,background
TTGAAAGGTGTAAAGG-1,background
TTGAACGACGTGCTGA-1,background
TTGAAGAATTCCCAGG-1,background
TTGAATATGGACTTTC-1,background
TTGAATCGTTGTATAA-1,background
TTGAATTCACGTGAGG-1,background
TTGACAGGAGCTCCCG-1,background
TTGACATGAACGTGGA-1,background
TTGACCATGTTCTCCG-1,background
TTGACCGTGTTAATGA-1,background
TTGACGATTCAGCACG-1,background
TTGACGCTCCATGAGC-1,background
TTGACTACCATATGGT-1,background
TTGACTATTGTCCGGC-1,background
TTGAGAAGTTTAGCAT-1,background
TTGAGAGTACTGCTAA-1,background
TTGATAGTCAATACAT-1,background
TTGATCTAACTTTGTC-1,background
TTGATGTGTAGTCCCG-1,background
TTGATTAGCTGTTTCT-1,background
TTGATTATGCAGATGA-1,background
TTGCACAATTCAGAAA-1,background
TTGCACGGAGCAGCAC-1,background
TTGCATGCTGATCACG-1,background
TTGCCAAGCAGAACCC-1,background
TTGCCATAGCCCGCTC-1,background
TTGCCCTGATCACGGG-1,background
TTGCCGCTTTCTAGTA-1,background
TTGCCGGTGATCCCTC-1,background
TTGCGGCATCAGAAAG-1,background
TTGCGTAGTTTGAGGA-1,background
TTGCGTCGGCCAACCG-1,background
TTGCGTGAACGCTTAG-1,background
TTGCTCCCATACCGGA-1,background
TTGCTGAAGGAACCAC-1,background
TTGCTGATCATGTTCG-1,background
TTGCTGCACCTATCCA-1,background
TTGCTGGCCGGGCTTC-1,background
TTGGAAGAATACAGTC-1,background
TTGGACATGTGGCTTA-1,background
TTGGACCATCTGGCAA-1,background
TTGGACCTATAACAGT-1,background
TTGGAGTCTCCCTTCT-1,background
TTGGATATCGTCTACG-1,background
TTGGATCGACTTCTGG-1,background
TTGGATTGGGTACCAC-1,background
TTGGCCATCTTGCGCT-1,background
TTGGCCTAGAATTTCG-1,background
TTGGCTCGCATGAGAC-1,GALT
TTGGGACACTGCCCGC-1,background
TTGGGACGTAAGAGTT-1,background
TTGGGCGGCGGTTGCC-1,background
TTGGTCACACTCGTAA-1,background
TTGGTTGCGGTGCGCG-1,background
TTGTAAGGACCTAAGT-1,background
TTGTAAGGCCAGTTGG-1,background
TTGTAATCCGTACTCG-1,background
TTGTATCACACAGAAT-1,background
TTGTCGTTCAGTTACC-1,background
TTGTGAACCTAATCCG-1,background
TTGTGAGGCATGACGC-1,background
TTGTGCAGCCACGTCA-1,background
TTGTGGCCCTGACAGT-1,background
TTGTGGTAGGAGGGAT-1,background
TTGTGTATGCCACCAA-1,GALT
TTGTGTTTCCCGAAAG-1,background
TTGTTAGCAAATTCGA-1,background
TTGTTCAGTGTGCTAC-1,background
TTGTTGTGTGTCAAGA-1,background
TTGTTTCACATCCAGG-1,background
TTGTTTCATTAGTCTA-1,background
TTGTTTCCATACAACT-1,background
TTGTTTGTGTAAATTC-1,background
